Tipo Titulo;Data Vencimento;Data Base;Taxa Compra Manha;Taxa Venda Manha;PU Compra Manha;PU Venda Manha;PU Base Manha
Tesouro IPCA+;15/05/2045;27/07/2022;6,29;6,41;997,03;971,76;971,76
Tesouro IPCA+ com Juros Semestrais;15/08/2030;27/07/2022;6,25;6,37;4038,66;4009,87;4009,87
Tesouro IPCA+ com Juros Semestrais;15/08/2040;27/07/2022;6,29;6,41;3980,22;3931,57;3931,57
Tesouro IPCA+ com Juros Semestrais;15/08/2050;27/07/2022;6,31;6,43;3944,98;3886,12;3886,12
Tesouro Selic;01/03/2027;27/07/2022;0,17;0,18;11865,1;11853,74;11853,74
Tesouro Prefixado com Juros Semestrais;01/01/2033;27/07/2022;13,49;13,61;823,55;817,69;817,69
Tesouro IPCA+ com Juros Semestrais;15/05/2045;27/07/2022;6,31;6,43;3898,93;3844,67;3844,67
Tesouro IGPM+ com Juros Semestrais;01/01/2031;27/07/2022;6,28;6,4;8877,75;8815,09;8815,09
Tesouro IPCA+ com Juros Semestrais;15/08/2026;27/07/2022;6,35;6,47;4046,87;4030,54;4030,54
Tesouro Selic;01/09/2024;27/07/2022;0,08;0,09;11937,45;11929,03;11929,03
Tesouro Prefixado com Juros Semestrais;01/01/2031;27/07/2022;13,47;13,59;844,01;838,6;838,6
Tesouro Prefixado com Juros Semestrais;01/01/2025;27/07/2022;13,31;13,43;943,78;941,12;941,12
Tesouro IPCA+ com Juros Semestrais;15/05/2035;27/07/2022;6,3;6,42;3940,7;3900,97;3900,97
Tesouro Selic;01/03/2025;27/07/2022;0,09;0,1;11927,48;11918,46;11918,46
Tesouro IPCA+;15/08/2024;27/07/2022;7,2;7,32;3460,1;3451,98;3451,98
Tesouro IPCA+ com Juros Semestrais;15/08/2032;27/07/2022;6,28;6,4;4017,99;3984,17;3984,17
Tesouro IPCA+ com Juros Semestrais;15/08/2050;11/08/2022;5,91;6,03;4147,77;4084,27;4084,27
Tesouro Selic;01/03/2027;11/08/2022;0,18;0,19;11926,57;11915,01;11915,01
Tesouro Prefixado com Juros Semestrais;01/01/2033;11/08/2022;12,22;12,34;889,08;882,63;882,63
Tesouro IPCA+ com Juros Semestrais;15/05/2045;11/08/2022;5,91;6,03;4084,31;4026,41;4026,41
Tesouro IGPM+ com Juros Semestrais;01/01/2031;11/08/2022;5,66;5,78;9192,88;9130,09;9130,09
Tesouro IPCA+ com Juros Semestrais;15/08/2026;11/08/2022;5,51;5,63;4158,44;4141,83;4141,83
Tesouro Selic;01/09/2024;11/08/2022;0,08;0,09;12002,96;11994,34;11994,34
Tesouro Prefixado com Juros Semestrais;01/01/2031;11/08/2022;12,18;12,3;904,96;899,09;899,09
Tesouro Prefixado com Juros Semestrais;01/01/2025;11/08/2022;11,94;12,06;974,09;971,41;971,41
Tesouro IPCA+ com Juros Semestrais;15/05/2035;11/08/2022;5,79;5,91;4111,41;4069,62;4069,62
Tesouro Selic;01/03/2025;11/08/2022;0,1;0,11;11992,8;11983,57;11983,57
Tesouro IPCA+;15/08/2024;11/08/2022;6,18;6,3;3525,52;3517,51;3517,51
Tesouro IPCA+ com Juros Semestrais;15/08/2032;11/08/2022;5,71;5,83;4179,35;4144;4144
Tesouro Prefixado com Juros Semestrais;01/01/2023;09/06/2022;13,38;13,5;1026,11;1025,01;1025,01
Tesouro Prefixado;01/01/2025;09/06/2022;12,58;12,7;738,73;736,37;736,37
Tesouro Prefixado com Juros Semestrais;01/01/2029;09/06/2022;12,68;12,8;932,64;927,6;927,6
Tesouro IPCA+ com Juros Semestrais;15/08/2024;09/06/2022;5,73;5,85;4066,51;4055,62;4055,62
Tesouro IPCA+;15/08/2026;09/06/2022;5,46;5,58;3178,86;3162,64;3162,64
Tesouro Prefixado com Juros Semestrais;01/01/2033;09/06/2022;12,73;12,85;894,41;888,16;888,16
Tesouro IPCA+ com Juros Semestrais;15/05/2045;09/06/2022;5,77;5,89;4107,68;4046,68;4046,68
Tesouro IGPM+ com Juros Semestrais;01/01/2031;09/06/2022;5,54;5,66;9498,89;9431,75;9431,75
Tesouro IPCA+ com Juros Semestrais;15/05/2055;09/06/2022;5,81;5,93;4104,41;4034,05;4034,05
Tesouro IPCA+ com Juros Semestrais;15/08/2026;09/06/2022;5,5;5,62;4115,88;4097,11;4097,11
Tesouro Selic;01/03/2023;09/06/2022;0,03;0,04;11762,33;11755,86;11755,86
Tesouro Selic;01/09/2024;09/06/2022;0,09;0,1;11740,49;11732,26;11732,26
Tesouro Prefixado com Juros Semestrais;01/01/2031;09/06/2022;12,7;12,82;911,91;906,17;906,17
Tesouro IPCA+;15/05/2035;09/06/2022;5,69;5,81;1945,69;1916,74;1916,74
Tesouro Prefixado;01/01/2023;09/06/2022;13,38;13,5;932,14;931,12;931,12
Tesouro Prefixado;01/07/2024;09/06/2022;12,82;12,94;781,89;779,82;779,82
Tesouro Prefixado;01/01/2029;09/06/2022;12,67;12,79;458,55;455,16;455,16
Tesouro Prefixado com Juros Semestrais;01/01/2025;09/06/2022;12,65;12,77;989,64;986,84;986,84
Tesouro IPCA+ com Juros Semestrais;15/05/2035;09/06/2022;5,66;5,78;4112,28;4068,03;4068,03
Tesouro Prefixado;01/01/2026;09/06/2022;12,55;12,67;656,49;653,7;653,7
Tesouro Selic;01/03/2025;09/06/2022;0,11;0,12;11728,67;11719,84;11719,84
Tesouro Prefixado com Juros Semestrais;01/01/2027;09/06/2022;12,65;12,77;958,02;953,94;953,94
Tesouro IPCA+;15/08/2024;09/06/2022;5,69;5,81;3519,53;3509,55;3509,55
Tesouro IPCA+;15/05/2045;09/06/2022;5,69;5,81;1120,47;1091,38;1091,38
Tesouro IPCA+ com Juros Semestrais;15/08/2032;09/06/2022;5,61;5,73;4163,87;4126,24;4126,24
Tesouro IPCA+ com Juros Semestrais;15/08/2030;09/06/2022;5,51;5,63;4172,49;4140,31;4140,31
Tesouro IPCA+ com Juros Semestrais;15/08/2040;09/06/2022;5,67;5,79;4195,14;4140,36;4140,36
Tesouro IPCA+ com Juros Semestrais;15/08/2050;09/06/2022;5,81;5,93;4155,34;4088,92;4088,92
Tesouro Selic;01/03/2027;09/06/2022;0,17;0,18;11670,59;11659,48;11659,48
Tesouro Prefixado com Juros Semestrais;01/01/2023;20/07/2022;13,9;14,02;989,35;988,36;988,36
Tesouro Prefixado;01/01/2025;20/07/2022;13,51;13,63;733,62;731,35;731,35
Tesouro Prefixado com Juros Semestrais;01/01/2029;20/07/2022;13,63;13,75;860,8;856,06;856,06
Tesouro IPCA+ com Juros Semestrais;15/08/2024;20/07/2022;7,31;7,43;4001,67;3992,77;3992,77
Tesouro IPCA+;15/08/2026;20/07/2022;6,35;6,47;3109,59;3095,24;3095,24
Tesouro IPCA+ com Juros Semestrais;15/05/2055;20/07/2022;6,32;6,44;3874,46;3812,58;3812,58
Tesouro Selic;01/03/2023;20/07/2022;0,02;0,03;11925,5;11918,87;11918,87
Tesouro IPCA+;15/05/2035;20/07/2022;6,26;6,38;1839,13;1812,74;1812,74
Tesouro Prefixado;01/01/2023;20/07/2022;13,88;14;943,38;942,44;942,44
Tesouro Prefixado com Juros Semestrais;01/01/2023;05/07/2022;13,69;13,81;984,63;983,62;983,62
Tesouro Prefixado;01/01/2025;05/07/2022;12,85;12,97;740,23;737,92;737,92
Tesouro Prefixado com Juros Semestrais;01/01/2029;05/07/2022;13,07;13,19;876,57;871,68;871,68
Tesouro IPCA+ com Juros Semestrais;15/08/2024;05/07/2022;6,41;6,53;4054,39;4043,43;4043,43
Tesouro IPCA+;15/08/2026;05/07/2022;5,79;5,91;3168,08;3151,87;3151,87
Tesouro Prefixado com Juros Semestrais;01/01/2033;05/07/2022;13,06;13,18;836,95;830,89;830,89
Tesouro IPCA+ com Juros Semestrais;15/05/2045;05/07/2022;6,06;6,18;4005,26;3946,64;3946,64
Tesouro IGPM+ com Juros Semestrais;01/01/2031;05/07/2022;5,87;5,99;9030,14;8965,18;8965,18
Tesouro IPCA+ com Juros Semestrais;15/05/2055;05/07/2022;6,08;6,2;3991,18;3924,19;3924,19
Tesouro IPCA+ com Juros Semestrais;15/08/2026;05/07/2022;5,85;5,97;4105,38;4086,62;4086,62
Tesouro Selic;01/03/2023;05/07/2022;0,04;0,05;11859,98;11853,34;11853,34
Tesouro Selic;01/09/2024;05/07/2022;0,08;0,09;11841,4;11832,97;11832,97
Tesouro Prefixado com Juros Semestrais;01/01/2031;05/07/2022;13,05;13,17;855,12;849,55;849,55
Tesouro IPCA+;15/05/2035;05/07/2022;5,98;6,1;1896,65;1868,45;1868,45
Tesouro Prefixado;01/01/2023;05/07/2022;13,69;13,81;938,81;937,84;937,84
Tesouro Prefixado;01/07/2024;05/07/2022;13,15;13,27;783,75;781,73;781,73
Tesouro Prefixado;01/01/2029;05/07/2022;12,95;13,07;454,9;451,56;451,56
Tesouro Prefixado com Juros Semestrais;01/01/2025;05/07/2022;12,91;13,03;943,82;941,1;941,1
Tesouro IPCA+ com Juros Semestrais;15/05/2035;05/07/2022;5,96;6,08;4045,84;4002,57;4002,57
Tesouro Prefixado;01/01/2026;05/07/2022;12,78;12,9;657,05;654,3;654,3
Tesouro Selic;01/03/2025;05/07/2022;0,1;0,11;11831,24;11822,21;11822,21
Tesouro Prefixado com Juros Semestrais;01/01/2027;05/07/2022;12,93;13,05;908,52;904,53;904,53
Tesouro IPCA+;15/08/2024;05/07/2022;6,36;6,48;3506,5;3496,47;3496,47
Tesouro IPCA+;15/05/2045;05/07/2022;5,98;6,1;1062,79;1035,24;1035,24
Tesouro IPCA+ com Juros Semestrais;15/08/2032;05/07/2022;5,88;6;4123,05;4085,91;4085,91
Tesouro IPCA+ com Juros Semestrais;15/08/2030;05/07/2022;5,85;5,97;4126,17;4094,43;4094,43
Tesouro IPCA+ com Juros Semestrais;15/08/2040;05/07/2022;5,99;6,11;4095,13;4042,29;4042,29
Tesouro IPCA+ com Juros Semestrais;15/08/2050;05/07/2022;6,08;6,2;4051,25;3987,67;3987,67
Tesouro Selic;01/03/2027;05/07/2022;0,16;0,17;11775,39;11764,05;11764,05
Tesouro Prefixado com Juros Semestrais;01/01/2023;18/07/2022;13,87;13,99;988,44;987,46;987,46
Tesouro Prefixado;01/01/2025;18/07/2022;13,18;13,3;738,13;735,85;735,85
Tesouro Prefixado com Juros Semestrais;01/01/2029;18/07/2022;13,25;13,37;873,76;868,93;868,93
Tesouro IPCA+ com Juros Semestrais;15/08/2024;18/07/2022;7,05;7,17;4019,8;4010,85;4010,85
Tesouro IPCA+;15/08/2026;18/07/2022;6,05;6,17;3145,31;3130,75;3130,75
Tesouro IPCA+ com Juros Semestrais;15/05/2055;18/07/2022;6,17;6,29;3953,67;3889,7;3889,7
Tesouro Selic;01/03/2023;18/07/2022;0,02;0,03;11913,53;11906,89;11906,89
Tesouro IPCA+;15/05/2035;18/07/2022;6,07;6,19;1881,53;1854,48;1854,48
Tesouro Prefixado;01/01/2023;18/07/2022;13,85;13,97;942,52;941,58;941,58
Tesouro Prefixado;01/07/2024;18/07/2022;13,49;13,61;782,66;780,66;780,66
Tesouro Prefixado;01/01/2029;18/07/2022;13,19;13,31;450,68;447,4;447,4
Tesouro Prefixado;01/01/2026;18/07/2022;13,08;13,2;653,85;651,13;651,13
Tesouro Prefixado com Juros Semestrais;01/01/2027;18/07/2022;13,15;13,27;906,01;902,07;902,07
Tesouro IPCA+;15/05/2045;18/07/2022;6,07;6,19;1045,43;1018,84;1018,84
Tesouro IPCA+ com Juros Semestrais;15/08/2030;18/07/2022;6,05;6,17;4088,37;4058,99;4058,99
Tesouro IPCA+ com Juros Semestrais;15/08/2040;18/07/2022;6,11;6,23;4055,92;4005,8;4005,8
Tesouro Prefixado com Juros Semestrais;01/01/2023;14/06/2022;13,58;13,7;1026,7;1025,61;1025,61
Tesouro Prefixado;01/01/2025;14/06/2022;12,83;12,95;735,61;733,27;733,27
Tesouro Prefixado com Juros Semestrais;01/01/2029;14/06/2022;12,89;13,01;925,95;920,97;920,97
Tesouro IPCA+ com Juros Semestrais;15/08/2024;14/06/2022;5,94;6,06;4056;4045,18;4045,18
Tesouro IPCA+;15/08/2026;14/06/2022;5,5;5,62;3178,26;3162,09;3162,09
Tesouro Prefixado com Juros Semestrais;01/01/2033;14/06/2022;12,9;13,02;887,45;881,28;881,28
Tesouro IPCA+ com Juros Semestrais;15/05/2045;14/06/2022;5,78;5,9;4108,53;4047,6;4047,6
Tesouro IGPM+ com Juros Semestrais;01/01/2031;14/06/2022;5,55;5,67;9514,36;9446,78;9446,78
Tesouro IPCA+ com Juros Semestrais;15/05/2055;14/06/2022;5,82;5,94;4104,47;4034,22;4034,22
Tesouro IPCA+ com Juros Semestrais;15/08/2026;14/06/2022;5,55;5,67;4114,43;4095,73;4095,73
Tesouro Selic;01/03/2023;14/06/2022;0,03;0,04;11779,05;11772,59;11772,59
Tesouro Selic;01/09/2024;14/06/2022;0,09;0,1;11757,37;11749,13;11749,13
Tesouro Prefixado com Juros Semestrais;01/01/2031;14/06/2022;12,91;13,03;903,95;898,29;898,29
Tesouro IPCA+;15/05/2035;14/06/2022;5,7;5,82;1946,07;1917,14;1917,14
Tesouro Prefixado;01/01/2023;14/06/2022;13,57;13,69;932,68;931,67;931,67
Tesouro Prefixado;01/07/2024;14/06/2022;13,1;13,22;779,09;777,03;777,03
Tesouro Prefixado;01/01/2029;14/06/2022;12,9;13,02;453,14;449,79;449,79
Tesouro Prefixado com Juros Semestrais;01/01/2025;14/06/2022;12,89;13,01;986,41;983,63;983,63
Tesouro IPCA+ com Juros Semestrais;15/05/2035;14/06/2022;5,67;5,79;4114,51;4070,3;4070,3
Tesouro Prefixado;01/01/2026;14/06/2022;12,79;12,91;652,47;649,7;649,7
Tesouro Selic;01/03/2025;14/06/2022;0,11;0,12;11745,76;11736,93;11736,93
Tesouro Prefixado com Juros Semestrais;01/01/2027;14/06/2022;12,9;13,02;951,85;947,8;947,8
Tesouro IPCA+;15/08/2024;14/06/2022;5,91;6,03;3508,73;3498,82;3498,82
Tesouro IPCA+;15/05/2045;14/06/2022;5,7;5,82;1119,64;1090,58;1090,58
Tesouro IPCA+ com Juros Semestrais;15/08/2032;14/06/2022;5,62;5,74;4166,71;4129,11;4129,11
Tesouro IPCA+ com Juros Semestrais;15/08/2030;14/06/2022;5,52;5,64;4175,75;4143,6;4143,6
Tesouro IPCA+ com Juros Semestrais;15/08/2040;14/06/2022;5,69;5,81;4192,13;4137,49;4137,49
Tesouro IPCA+ com Juros Semestrais;15/08/2050;14/06/2022;5,82;5,94;4155,81;4089,49;4089,49
Tesouro Selic;01/03/2027;14/06/2022;0,17;0,18;11689,74;11678,63;11678,63
Tesouro IPCA+ com Juros Semestrais;15/08/2050;18/07/2022;6,15;6,27;4026,77;3965,81;3965,81
Tesouro Selic;01/03/2027;18/07/2022;0,16;0,17;11825,85;11814,5;11814,5
Tesouro Prefixado com Juros Semestrais;01/01/2033;18/07/2022;13,31;13,43;828,93;822,99;822,99
Tesouro IPCA+ com Juros Semestrais;15/05/2045;18/07/2022;6,15;6,27;3974,12;3918,15;3918,15
Tesouro IGPM+ com Juros Semestrais;01/01/2031;18/07/2022;6,08;6,2;8951,45;8887,94;8887,94
Tesouro IPCA+ com Juros Semestrais;15/08/2026;18/07/2022;6,13;6,25;4078,06;4061,41;4061,41
Tesouro Selic;01/09/2024;18/07/2022;0,07;0,08;11896,43;11888,01;11888,01
Tesouro Prefixado com Juros Semestrais;01/01/2031;18/07/2022;13,27;13,39;849,47;843,98;843,98
Tesouro Prefixado com Juros Semestrais;01/01/2025;18/07/2022;13,23;13,35;941,98;939,3;939,3
Tesouro IPCA+ com Juros Semestrais;15/05/2035;18/07/2022;6,09;6,21;4012,61;3971,77;3971,77
Tesouro Selic;01/03/2025;18/07/2022;0,09;0,1;11886,04;11877,01;11877,01
Tesouro IPCA+;15/08/2024;18/07/2022;7;7,12;3473,59;3465,31;3465,31
Tesouro IPCA+ com Juros Semestrais;15/08/2032;18/07/2022;6,07;6,19;4079,2;4044,56;4044,56
Tesouro Prefixado com Juros Semestrais;01/01/2023;28/06/2022;13,68;13,8;1030,93;1029,88;1029,88
Tesouro Prefixado;01/01/2025;28/06/2022;12,76;12,88;739,94;737,61;737,61
Tesouro Prefixado com Juros Semestrais;01/01/2029;28/06/2022;12,99;13,11;926,2;921,26;921,26
Tesouro IPCA+ com Juros Semestrais;15/08/2024;28/06/2022;6,04;6,16;4070,56;4059,49;4059,49
Tesouro IPCA+;15/08/2026;28/06/2022;5,61;5,73;3181,45;3165,11;3165,11
Tesouro Prefixado com Juros Semestrais;01/01/2033;28/06/2022;13,03;13,15;885,1;879;879
Tesouro IPCA+ com Juros Semestrais;15/05/2045;28/06/2022;6;6,12;4022,58;3963,43;3963,43
Tesouro IGPM+ com Juros Semestrais;01/01/2031;28/06/2022;5,71;5,83;9477,68;9410,93;9410,93
Tesouro IPCA+ com Juros Semestrais;15/05/2055;28/06/2022;6,02;6,14;4012,91;3945,14;3945,14
Tesouro IPCA+ com Juros Semestrais;15/08/2026;28/06/2022;5,65;5,77;4122,13;4103,19;4103,19
Tesouro Selic;01/03/2023;28/06/2022;0,04;0,05;11830,7;11824,04;11824,04
Tesouro Selic;01/09/2024;28/06/2022;0,09;0,1;11811,96;11803,52;11803,52
Tesouro Prefixado com Juros Semestrais;01/01/2031;28/06/2022;13,01;13,13;903,53;897,92;897,92
Tesouro IPCA+;15/05/2035;28/06/2022;5,9;6,02;1909,66;1881,22;1881,22
Tesouro Prefixado;01/01/2023;28/06/2022;13,67;13,79;936,51;935,52;935,52
Tesouro Prefixado;01/07/2024;28/06/2022;13,07;13,19;782,94;780,9;780,9
Tesouro Prefixado;01/01/2029;28/06/2022;12,89;13,01;455,37;452,02;452,02
Tesouro Prefixado com Juros Semestrais;01/01/2025;28/06/2022;12,83;12,95;991,83;989,07;989,07
Tesouro IPCA+ com Juros Semestrais;15/05/2035;28/06/2022;5,86;5,98;4069,23;4025,51;4025,51
Tesouro Prefixado;01/01/2026;28/06/2022;12,7;12,82;657,12;654,36;654,36
Tesouro Selic;01/03/2025;28/06/2022;0,1;0,11;11800,78;11791,75;11791,75
Tesouro Prefixado com Juros Semestrais;01/01/2027;28/06/2022;12,86;12,98;957,18;953,14;953,14
Tesouro IPCA+;15/08/2024;28/06/2022;6;6,12;3521,53;3511,4;3511,4
Tesouro IPCA+;15/05/2045;28/06/2022;5,9;6,02;1078,17;1050,18;1050,18
Tesouro IPCA+ com Juros Semestrais;15/08/2032;28/06/2022;5,78;5,9;4141,03;4103,57;4103,57
Tesouro IPCA+ com Juros Semestrais;15/08/2030;28/06/2022;5,69;5,81;4154,72;4122,61;4122,61
Tesouro IPCA+ com Juros Semestrais;15/08/2040;28/06/2022;5,91;6,03;4117,89;4064,49;4064,49
Tesouro IPCA+ com Juros Semestrais;15/08/2050;28/06/2022;6,02;6,14;4071,01;4006,75;4006,75
Tesouro Selic;01/03/2027;28/06/2022;0,15;0,17;11748,75;11737,42;11737,42
Tesouro Prefixado com Juros Semestrais;01/01/2023;29/07/2022;13,83;13,95;993,19;992,23;992,23
Tesouro Prefixado;01/01/2025;29/07/2022;12,9;13,02;745,85;743,58;743,58
Tesouro Prefixado com Juros Semestrais;01/01/2029;29/07/2022;13,07;13,19;884,3;879,43;879,43
Tesouro IPCA+ com Juros Semestrais;15/08/2024;29/07/2022;6,83;6,95;4033,93;4026,88;4026,88
Tesouro IPCA+;15/08/2026;29/07/2022;6,03;6,15;3145,44;3132,38;3132,38
Tesouro IPCA+ com Juros Semestrais;15/05/2055;29/07/2022;6,27;6,39;3897,85;3837,14;3837,14
Tesouro Selic;01/03/2023;29/07/2022;0,02;0,03;11966,53;11959,92;11959,92
Tesouro IPCA+;15/05/2035;29/07/2022;6,22;6,34;1846,64;1820,99;1820,99
Tesouro Prefixado;01/01/2023;29/07/2022;13,82;13,94;947;946,09;946,09
Tesouro Prefixado;01/07/2024;29/07/2022;13,2;13,32;790,03;788,05;788,05
Tesouro Prefixado;01/01/2029;29/07/2022;13,03;13,15;456,8;453,49;453,49
Tesouro Prefixado;01/01/2026;29/07/2022;12,88;13;660,71;658;658
Tesouro Prefixado com Juros Semestrais;01/01/2027;29/07/2022;12,92;13,04;916,74;912,78;912,78
Tesouro IPCA+;15/05/2045;29/07/2022;6,22;6,34;1011,68;986,46;986,46
Tesouro IPCA+ com Juros Semestrais;15/08/2030;29/07/2022;6,1;6,22;4073,3;4045,97;4045,97
Tesouro IPCA+ com Juros Semestrais;15/08/2040;29/07/2022;6,23;6,35;4003,31;3955,97;3955,97
Tesouro IPCA+ com Juros Semestrais;15/08/2050;29/07/2022;6,26;6,38;3968,4;3910,67;3910,67
Tesouro Selic;01/03/2027;29/07/2022;0,17;0,18;11877;11865,64;11865,64
Tesouro Prefixado com Juros Semestrais;01/01/2033;29/07/2022;13,13;13,25;841,02;835,01;835,01
Tesouro IPCA+ com Juros Semestrais;15/05/2045;09/02/2022;5,54;5,66;4094,23;4032,74;4032,74
Tesouro IGPM+ com Juros Semestrais;01/01/2031;09/02/2022;5,42;5,54;8916,05;8847,89;8847,89
Tesouro IPCA+ com Juros Semestrais;15/08/2026;09/02/2022;5,16;5,28;4043,73;4024,2;4024,2
Tesouro Selic;01/09/2024;09/02/2022;0,07;0,08;11329,76;11322,25;11322,25
Tesouro Prefixado com Juros Semestrais;01/01/2031;09/02/2022;11,48;11,6;935,02;928,68;928,68
Tesouro Prefixado com Juros Semestrais;01/01/2025;09/02/2022;10,99;11,11;988,65;985,52;985,52
Tesouro IPCA+ com Juros Semestrais;15/05/2035;09/02/2022;5,49;5,61;4046,34;4002,21;4002,21
Tesouro Selic;01/03/2025;09/02/2022;0,1;0,11;11314,96;11306,88;11306,88
Tesouro IPCA+;15/08/2024;09/02/2022;5,45;5,57;3335,18;3324,44;3324,44
Tesouro Prefixado com Juros Semestrais;01/01/2023;22/02/2022;12,35;12,47;996,94;995,59;995,59
Tesouro Prefixado;01/01/2025;22/02/2022;11,35;11,47;736,47;733,9;733,9
Tesouro Prefixado com Juros Semestrais;01/01/2029;22/02/2022;11,36;11,48;955,25;949,71;949,71
Tesouro IPCA+ com Juros Semestrais;15/08/2024;22/02/2022;5,68;5,8;3856,18;3843,96;3843,96
Tesouro IPCA+;15/08/2026;22/02/2022;5,34;5,46;3028,72;3011,77;3011,77
Tesouro IPCA+ com Juros Semestrais;15/05/2055;22/02/2022;5,68;5,8;4072,68;4002,04;4002,04
Tesouro Selic;01/03/2023;22/02/2022;0,02;0,03;11388,9;11383,13;11383,13
Tesouro IPCA+;15/05/2035;22/02/2022;5,67;5,79;1847,83;1819,43;1819,43
Tesouro Prefixado;01/01/2023;22/02/2022;12,34;12,46;905,91;904,66;904,66
Tesouro Prefixado;01/07/2024;22/02/2022;11,61;11,73;774,25;771,97;771,97
Tesouro Prefixado;01/01/2029;22/02/2022;11,41;11,53;478,32;474,61;474,61
Tesouro Prefixado;01/01/2026;22/02/2022;11,23;11,35;663,86;660,83;660,83
Tesouro Prefixado com Juros Semestrais;01/01/2027;22/02/2022;11,1;11,22;976,6;972,1;972,1
Tesouro IPCA+;15/05/2045;22/02/2022;5,67;5,79;1066,13;1037,93;1037,93
Tesouro IPCA+ com Juros Semestrais;15/08/2030;22/02/2022;5,56;5,68;3942,04;3909,72;3909,72
Tesouro IPCA+ com Juros Semestrais;15/08/2040;22/02/2022;5,66;5,78;3978,8;3924,88;3924,88
Tesouro IPCA+ com Juros Semestrais;15/08/2050;22/02/2022;5,69;5,81;3999,5;3933,1;3933,1
Tesouro Selic;01/03/2027;22/02/2022;0,16;0,17;11298,22;11287,94;11287,94
Tesouro Prefixado com Juros Semestrais;01/01/2033;22/02/2022;11,52;11,64;926,92;919,96;919,96
Tesouro IPCA+ com Juros Semestrais;15/05/2045;22/02/2022;5,7;5,82;4036,3;3975,81;3975,81
Tesouro IGPM+ com Juros Semestrais;01/01/2031;22/02/2022;5,56;5,68;8958,65;8888,11;8888,11
Tesouro IPCA+ com Juros Semestrais;15/08/2026;22/02/2022;5,38;5,5;3918,92;3899,11;3899,11
Tesouro Selic;01/09/2024;22/02/2022;0,06;0,07;11375,04;11367,56;11367,56
Tesouro Prefixado com Juros Semestrais;01/01/2031;22/02/2022;11,37;11,49;944,14;937,76;937,76
Tesouro Prefixado com Juros Semestrais;01/01/2025;22/02/2022;11,24;11,36;986,75;983,66;983,66
Tesouro IPCA+ com Juros Semestrais;15/05/2035;22/02/2022;5,64;5,76;4014,69;3970,68;3970,68
Tesouro Selic;01/03/2025;22/02/2022;0,08;0,09;11363,55;11355,48;11355,48
Tesouro IPCA+;15/08/2024;22/02/2022;5,65;5,77;3337,3;3326,2;3326,2
Tesouro IPCA+ com Juros Semestrais;15/08/2032;22/02/2022;5,61;5,73;3945,47;3907,88;3907,88
Tesouro Prefixado com Juros Semestrais;01/01/2023;24/03/2022;12,96;13,08;1002,14;1000,85;1000,85
Tesouro Prefixado;01/01/2025;24/03/2022;12,09;12,21;729,29;726,8;726,8
Tesouro Prefixado com Juros Semestrais;01/01/2029;24/03/2022;12,03;12,15;935,51;930,21;930,21
Tesouro IPCA+ com Juros Semestrais;15/08/2024;24/03/2022;5,33;5,45;3943,39;3931,31;3931,31
Tesouro IPCA+;15/08/2026;24/03/2022;5,34;5,46;3073,46;3056,59;3056,59
Tesouro IPCA+ com Juros Semestrais;15/05/2055;24/03/2022;5,73;5,85;4104,86;4034,38;4034,38
Tesouro Selic;01/03/2023;24/03/2022;0;0,01;11485,07;11478,92;11478,92
Tesouro IPCA+;15/05/2035;24/03/2022;5,63;5,75;1884,91;1856,13;1856,13
Tesouro Prefixado;01/01/2023;24/03/2022;12,95;13,07;910,51;909,32;909,32
Tesouro Prefixado com Juros Semestrais;01/01/2023;07/06/2022;13,42;13,54;1024,89;1023,79;1023,79
Tesouro Prefixado;01/01/2025;07/06/2022;12,66;12,78;736,69;734,33;734,33
Tesouro Prefixado com Juros Semestrais;01/01/2029;07/06/2022;12,8;12,92;927,15;922,14;922,14
Tesouro IPCA+ com Juros Semestrais;15/08/2024;07/06/2022;5,73;5,85;4067,24;4056,16;4056,16
Tesouro IPCA+;15/08/2026;07/06/2022;5,54;5,66;3169,42;3153,11;3153,11
Tesouro Prefixado com Juros Semestrais;01/01/2033;07/06/2022;12,83;12,95;888,7;882,49;882,49
Tesouro IPCA+ com Juros Semestrais;15/05/2045;07/06/2022;5,86;5,98;4063,65;4003,41;4003,41
Tesouro IGPM+ com Juros Semestrais;01/01/2031;07/06/2022;5,62;5,74;9449,19;9382,41;9382,41
Tesouro IPCA+ com Juros Semestrais;15/05/2055;07/06/2022;5,89;6,01;4059;3989,68;3989,68
Tesouro IPCA+ com Juros Semestrais;15/08/2026;07/06/2022;5,56;5,68;4108,03;4089,11;4089,11
Tesouro Selic;01/03/2023;07/06/2022;0,03;0,04;11751,31;11744,83;11744,83
Tesouro Selic;01/09/2024;07/06/2022;0,1;0,11;11728,64;11720,4;11720,4
Tesouro Prefixado com Juros Semestrais;01/01/2031;07/06/2022;12,8;12,92;906,62;900,91;900,91
Tesouro IPCA+;15/05/2035;07/06/2022;5,79;5,91;1922,47;1893,79;1893,79
Tesouro Prefixado;01/01/2023;07/06/2022;13,41;13,53;931,08;930,05;930,05
Tesouro Prefixado;01/07/2024;07/06/2022;12,92;13,04;779,73;777,65;777,65
Tesouro Prefixado;01/01/2029;07/06/2022;12,73;12,85;456,53;453,14;453,14
Tesouro Prefixado com Juros Semestrais;01/01/2025;07/06/2022;12,76;12,88;986,56;983,76;983,76
Tesouro IPCA+ com Juros Semestrais;15/05/2035;07/06/2022;5,75;5,87;4080,91;4036,9;4036,9
Tesouro Prefixado;01/01/2026;07/06/2022;12,61;12,73;654,63;651,84;651,84
Tesouro Selic;01/03/2025;07/06/2022;0,11;0,12;11717,48;11708,66;11708,66
Tesouro Prefixado com Juros Semestrais;01/01/2027;07/06/2022;12,73;12,85;954,69;950,61;950,61
Tesouro IPCA+;15/08/2024;07/06/2022;5,73;5,85;3517,27;3507,13;3507,13
Tesouro IPCA+;15/05/2045;07/06/2022;5,79;5,91;1096,71;1068,2;1068,2
Tesouro IPCA+ com Juros Semestrais;15/08/2032;07/06/2022;5,7;5,82;4137,51;4099,99;4099,99
Tesouro IPCA+ com Juros Semestrais;15/08/2030;07/06/2022;5,6;5,72;4150,26;4118,09;4118,09
Tesouro IPCA+ com Juros Semestrais;15/08/2040;07/06/2022;5,76;5,88;4155,86;4101,6;4101,6
Tesouro IPCA+ com Juros Semestrais;15/08/2050;07/06/2022;5,89;6,01;4112,61;4047,06;4047,06
Tesouro Selic;01/03/2027;07/06/2022;0,17;0,18;11658,52;11647,42;11647,42
Tesouro Prefixado com Juros Semestrais;01/01/2023;26/04/2022;12,95;13,07;1012,42;1011,22;1011,22
Tesouro Prefixado;01/01/2025;26/04/2022;12,06;12,18;736,79;734,34;734,34
Tesouro Prefixado com Juros Semestrais;01/01/2029;26/04/2022;12,09;12,21;941,99;936,73;936,73
Tesouro IPCA+ com Juros Semestrais;15/08/2024;26/04/2022;5,49;5,61;4011,52;3999,8;3999,8
Tesouro IPCA+;15/08/2026;26/04/2022;5,32;5,44;3139,42;3122,63;3122,63
Tesouro Prefixado com Juros Semestrais;01/01/2033;26/04/2022;12,19;12,31;908,03;901,48;901,48
Tesouro IPCA+ com Juros Semestrais;15/05/2045;26/04/2022;5,72;5,84;4172,69;4111,25;4111,25
Tesouro IGPM+ com Juros Semestrais;01/01/2031;26/04/2022;5,45;5,57;9427,2;9355,35;9355,35
Tesouro IPCA+ com Juros Semestrais;15/05/2055;26/04/2022;5,75;5,87;4179,12;4108,08;4108,08
Tesouro IPCA+ com Juros Semestrais;15/08/2026;26/04/2022;5,33;5,45;4066,47;4046,92;4046,92
Tesouro Selic;01/03/2023;26/04/2022;0,05;0,06;11586,05;11579,93;11579,93
Tesouro Selic;01/09/2024;26/04/2022;0,12;0,13;11557,51;11549,65;11549,65
Tesouro Prefixado com Juros Semestrais;01/01/2031;26/04/2022;12,16;12,28;922,86;916,87;916,87
Tesouro IPCA+;15/05/2035;26/04/2022;5,61;5,73;1928,97;1899,79;1899,79
Tesouro Prefixado;01/01/2023;26/04/2022;12,95;13,07;919,79;918,68;918,68
Tesouro Prefixado;01/07/2024;26/04/2022;12,35;12,47;777;774,85;774,85
Tesouro Prefixado;01/01/2029;26/04/2022;12,06;12,18;468,3;464,76;464,76
Tesouro Prefixado com Juros Semestrais;01/01/2025;26/04/2022;12,12;12,24;985,61;982,69;982,69
Tesouro IPCA+ com Juros Semestrais;15/05/2035;26/04/2022;5,57;5,69;4185,1;4140,17;4140,17
Tesouro Prefixado;01/01/2026;26/04/2022;11,94;12,06;659,8;656,9;656,9
Tesouro Selic;01/03/2025;26/04/2022;0,13;0,14;11547,66;11539,22;11539,22
Tesouro Prefixado com Juros Semestrais;01/01/2027;26/04/2022;11,99;12,11;964,41;960,15;960,15
Tesouro IPCA+;15/08/2024;26/04/2022;5,49;5,61;3470,17;3459,49;3459,49
Tesouro IPCA+;15/05/2045;26/04/2022;5,61;5,73;1119,27;1089,92;1089,92
Tesouro IPCA+ com Juros Semestrais;15/08/2032;26/04/2022;5,52;5,64;4115,34;4077,08;4077,08
Tesouro IPCA+ com Juros Semestrais;15/08/2030;26/04/2022;5,44;5,56;4115,03;4082,26;4082,26
Tesouro IPCA+ com Juros Semestrais;15/08/2040;26/04/2022;5,61;5,73;4145,24;4089,96;4089,96
Tesouro IPCA+ com Juros Semestrais;15/08/2050;26/04/2022;5,74;5,86;4116,9;4049,78;4049,78
Tesouro Selic;01/03/2027;26/04/2022;0,21;0,22;11475,73;11465,05;11465,05
Tesouro Prefixado;01/07/2024;24/03/2022;12,38;12,5;769,04;766,83;766,83
Tesouro Prefixado;01/01/2029;24/03/2022;12,03;12,15;464,71;461,16;461,16
Tesouro Prefixado;01/01/2026;24/03/2022;11,93;12,05;653,85;650,92;650,92
Tesouro Prefixado com Juros Semestrais;01/01/2027;24/03/2022;11,87;11,99;959,25;954,92;954,92
Tesouro IPCA+;15/05/2045;24/03/2022;5,63;5,75;1091,63;1062,86;1062,86
Tesouro IPCA+ com Juros Semestrais;15/08/2030;24/03/2022;5,56;5,68;4000,93;3968,56;3968,56
Tesouro IPCA+ com Juros Semestrais;15/08/2040;24/03/2022;5,66;5,78;4038,55;3984,24;3984,24
Tesouro IPCA+ com Juros Semestrais;15/08/2050;24/03/2022;5,73;5,85;4037,85;3971,4;3971,4
Tesouro Selic;01/03/2027;24/03/2022;0,17;0,18;11387,78;11377,1;11377,1
Tesouro Prefixado com Juros Semestrais;01/01/2023;15/02/2022;12,42;12,54;994,11;992,75;992,75
Tesouro Prefixado;01/01/2025;15/02/2022;11,45;11,57;733,01;730,43;730,43
Tesouro Prefixado com Juros Semestrais;01/01/2029;15/02/2022;11,5;11,62;947,22;941,72;941,72
Tesouro IPCA+ com Juros Semestrais;15/08/2024;15/02/2022;5,63;5,75;3847,7;3835,41;3835,41
Tesouro IPCA+;15/08/2026;15/02/2022;5,29;5,41;3025,33;3008,33;3008,33
Tesouro IPCA+ com Juros Semestrais;15/05/2055;15/02/2022;5,65;5,77;4076,6;4005,62;4005,62
Tesouro Selic;01/03/2023;15/02/2022;0,02;0,03;11365,27;11359,49;11359,49
Tesouro IPCA+;15/05/2035;15/02/2022;5,63;5,75;1850,94;1822,45;1822,45
Tesouro Prefixado;01/01/2023;15/02/2022;12,41;12,53;903,33;902,07;902,07
Tesouro Prefixado;01/07/2024;15/02/2022;11,71;11,83;770,94;768,65;768,65
Tesouro Prefixado;01/01/2026;15/02/2022;11,34;11,46;659,93;656,91;656,91
Tesouro Prefixado com Juros Semestrais;01/01/2027;15/02/2022;11,24;11,36;969,77;965,28;965,28
Tesouro IPCA+;15/05/2045;15/02/2022;5,63;5,75;1071,96;1043,58;1043,58
Tesouro IPCA+ com Juros Semestrais;15/08/2030;15/02/2022;5,53;5,65;3936,69;3904,32;3904,32
Tesouro IPCA+ com Juros Semestrais;15/08/2040;15/02/2022;5,62;5,74;3983,12;3928,96;3928,96
Tesouro IPCA+ com Juros Semestrais;15/08/2050;15/02/2022;5,67;5,79;3997,12;3930,58;3930,58
Tesouro Selic;01/03/2027;15/02/2022;0,21;0,22;11248,94;11238,66;11238,66
Tesouro IPCA+ com Juros Semestrais;15/05/2045;15/02/2022;5,67;5,79;4037,7;3977;3977
Tesouro IGPM+ com Juros Semestrais;01/01/2031;15/02/2022;5,53;5,65;8901,79;8832,92;8832,92
Tesouro IPCA+ com Juros Semestrais;15/08/2026;15/02/2022;5,33;5,45;3913,62;3893,75;3893,75
Tesouro Selic;01/09/2024;15/02/2022;0,07;0,08;11349,12;11341,62;11341,62
Tesouro Prefixado com Juros Semestrais;01/01/2031;15/02/2022;11,54;11,66;933,66;927,35;927,35
Tesouro Prefixado com Juros Semestrais;01/01/2025;15/02/2022;11,35;11,47;982,21;979,11;979,11
Tesouro IPCA+ com Juros Semestrais;15/05/2035;15/02/2022;5,6;5,72;4015,52;3971,37;3971,37
Tesouro Selic;01/03/2025;15/02/2022;0,1;0,11;11334,81;11326,73;11326,73
Tesouro IPCA+;15/08/2024;15/02/2022;5,6;5,72;3330,19;3319,04;3319,04
Tesouro Prefixado com Juros Semestrais;01/01/2033;24/03/2022;12,14;12,26;901,95;895,36;895,36
Tesouro IPCA+ com Juros Semestrais;15/05/2045;24/03/2022;5,73;5,85;4082,2;4021,54;4021,54
Tesouro IGPM+ com Juros Semestrais;01/01/2031;24/03/2022;5,55;5,67;9132,73;9063,55;9063,55
Tesouro IPCA+ com Juros Semestrais;15/08/2026;24/03/2022;5,34;5,46;3982,83;3963,12;3963,12
Tesouro Selic;01/09/2024;24/03/2022;0,03;0,04;11476,67;11468,81;11468,81
Tesouro Prefixado com Juros Semestrais;01/01/2031;24/03/2022;12,11;12,23;916,43;910,39;910,39
Tesouro Prefixado com Juros Semestrais;01/01/2025;24/03/2022;12,09;12,21;976,89;973,92;973,92
Tesouro IPCA+ com Juros Semestrais;15/05/2035;24/03/2022;5,6;5,72;4089,1;4044,65;4044,65
Tesouro Selic;01/03/2025;24/03/2022;0,05;0,06;11468,44;11459,99;11459,99
Tesouro IPCA+;15/08/2024;24/03/2022;5,34;5,46;3411,17;3400,2;3400,2
Tesouro IPCA+ com Juros Semestrais;15/08/2032;24/03/2022;5,6;5,72;4007,56;3969,79;3969,79
Tesouro Prefixado com Juros Semestrais;01/01/2023;25/04/2022;12,97;13,09;1011,82;1010,61;1010,61
Tesouro Prefixado;01/01/2025;25/04/2022;12,19;12,31;734,17;731,72;731,72
Tesouro Prefixado com Juros Semestrais;01/01/2029;25/04/2022;12,23;12,35;935,93;930,72;930,72
Tesouro IPCA+ com Juros Semestrais;15/08/2024;25/04/2022;5,49;5,61;4009,66;3997,93;3997,93
Tesouro IPCA+;15/08/2026;25/04/2022;5,33;5,45;3136,7;3119,91;3119,91
Tesouro Prefixado com Juros Semestrais;01/01/2033;25/04/2022;12,32;12,44;900,97;894,48;894,48
Tesouro IPCA+ com Juros Semestrais;15/05/2045;25/04/2022;5,73;5,85;4165,72;4104,39;4104,39
Tesouro IGPM+ com Juros Semestrais;01/01/2031;25/04/2022;5,47;5,59;9409,04;9337,31;9337,31
Tesouro IPCA+ com Juros Semestrais;15/05/2055;25/04/2022;5,77;5,89;4165,5;4094,79;4094,79
Tesouro IPCA+ com Juros Semestrais;15/08/2026;25/04/2022;5,34;5,46;4063,12;4043,57;4043,57
Tesouro Selic;01/03/2023;25/04/2022;0,05;0,06;11581,5;11575,39;11575,39
Tesouro Selic;01/09/2024;25/04/2022;0,12;0,13;11553,29;11545,43;11545,43
Tesouro Prefixado com Juros Semestrais;01/01/2031;25/04/2022;12,31;12,43;915,48;909,55;909,55
Tesouro IPCA+;15/05/2035;25/04/2022;5,63;5,75;1923,33;1894,22;1894,22
Tesouro Prefixado;01/01/2023;25/04/2022;12,97;13,09;919,24;918,12;918,12
Tesouro Prefixado;01/07/2024;25/04/2022;12,46;12,58;775;772,84;772,84
Tesouro Prefixado;01/01/2029;25/04/2022;12,21;12,33;463,93;460,42;460,42
Tesouro Prefixado com Juros Semestrais;01/01/2025;25/04/2022;12,26;12,38;982,28;979,37;979,37
Tesouro IPCA+ com Juros Semestrais;15/05/2035;25/04/2022;5,59;5,71;4175,94;4131,11;4131,11
Tesouro Prefixado;01/01/2026;25/04/2022;12,09;12,21;656,25;653,37;653,37
Tesouro Selic;01/03/2025;25/04/2022;0,13;0,14;11543,57;11535,14;11535,14
Tesouro Prefixado com Juros Semestrais;01/01/2027;25/04/2022;12,14;12,26;959,2;954,96;954,96
Tesouro IPCA+;15/08/2024;25/04/2022;5,5;5,62;3467,8;3457,12;3457,12
Tesouro IPCA+;15/05/2045;25/04/2022;5,63;5,75;1113,88;1084,68;1084,68
Tesouro IPCA+ com Juros Semestrais;15/08/2032;25/04/2022;5,55;5,67;4104,3;4066,14;4066,14
Tesouro IPCA+ com Juros Semestrais;15/08/2030;25/04/2022;5,46;5,58;4107,96;4075,24;4075,24
Tesouro IPCA+ com Juros Semestrais;15/08/2040;25/04/2022;5,62;5,74;4138,81;4083,63;4083,63
Tesouro IPCA+ com Juros Semestrais;15/08/2050;25/04/2022;5,75;5,87;4109,45;4042,49;4042,49
Tesouro Selic;01/03/2027;25/04/2022;0,21;0,22;11471;11460,33;11460,33
Tesouro Prefixado com Juros Semestrais;01/01/2023;26/05/2022;13,39;13,51;1020,96;1019,82;1019,82
Tesouro Prefixado;01/01/2025;26/05/2022;12,41;12,53;738,15;735,77;735,77
Tesouro Prefixado com Juros Semestrais;01/01/2029;26/05/2022;12,49;12,61;935,61;930,5;930,5
Tesouro IPCA+ com Juros Semestrais;15/08/2024;26/05/2022;5,84;5,96;4042,1;4030,93;4030,93
Tesouro IPCA+;15/08/2026;26/05/2022;5,57;5,69;3153,03;3136,69;3136,69
Tesouro Prefixado com Juros Semestrais;01/01/2033;26/05/2022;12,53;12,65;900,03;893,67;893,67
Tesouro IPCA+ com Juros Semestrais;15/05/2045;26/05/2022;5,81;5,93;4071,82;4011,15;4011,15
Tesouro IGPM+ com Juros Semestrais;01/01/2031;26/05/2022;5,63;5,75;9395,73;9329,5;9329,5
Tesouro IPCA+ com Juros Semestrais;15/05/2055;26/05/2022;5,83;5,95;4076,86;4006,75;4006,75
Tesouro IPCA+ com Juros Semestrais;15/08/2026;26/05/2022;5,59;5,71;4087,31;4068,34;4068,34
Tesouro Selic;01/03/2023;26/05/2022;0,04;0,05;11706,54;11700,05;11700,05
Tesouro Selic;01/09/2024;26/05/2022;0,11;0,12;11681,95;11673,7;11673,7
Tesouro Prefixado com Juros Semestrais;01/01/2031;26/05/2022;12,5;12,62;916,58;910,74;910,74
Tesouro IPCA+;15/05/2035;26/05/2022;5,74;5,86;1926,4;1897,59;1897,59
Tesouro Prefixado;01/01/2023;26/05/2022;13,39;13,51;927,46;926,41;926,41
Tesouro Prefixado;01/07/2024;26/05/2022;12,7;12,82;779,88;777,78;777,78
Tesouro Prefixado;01/01/2029;26/05/2022;12,36;12,48;464,73;461,27;461,27
Tesouro Prefixado com Juros Semestrais;01/01/2025;26/05/2022;12,53;12,65;987,34;984,51;984,51
Tesouro IPCA+ com Juros Semestrais;15/05/2035;26/05/2022;5,72;5,84;4075,07;4030,95;4030,95
Tesouro Prefixado;01/01/2026;26/05/2022;12,28;12,4;659,09;656,26;656,26
Tesouro Selic;01/03/2025;26/05/2022;0,12;0,13;11670,97;11662,14;11662,14
Tesouro IPCA+ com Juros Semestrais;15/08/2032;26/05/2022;5,7;5,82;4120,84;4083,32;4083,32
Tesouro IPCA+ com Juros Semestrais;15/08/2030;26/05/2022;5,61;5,73;4131,11;4098,95;4098,95
Tesouro IPCA+ com Juros Semestrais;15/08/2040;26/05/2022;5,73;5,85;4152,32;4097,89;4097,89
Tesouro IPCA+ com Juros Semestrais;15/08/2050;26/05/2022;5,82;5,94;4133,72;4067,36;4067,36
Tesouro Selic;01/03/2027;26/05/2022;0,17;0,18;11614,22;11603,1;11603,1
Tesouro Prefixado com Juros Semestrais;01/01/2023;08/04/2022;12,9;13,02;1007,86;1006,62;1006,62
Tesouro Prefixado;01/01/2025;08/04/2022;11,8;11,92;738,12;735,64;735,64
Tesouro Prefixado com Juros Semestrais;01/01/2029;08/04/2022;11,63;11,75;956,63;951,23;951,23
Tesouro IPCA+ com Juros Semestrais;15/08/2024;08/04/2022;5,34;5,46;3995,13;3978,1;3978,1
Tesouro IPCA+;15/08/2026;08/04/2022;5,17;5,29;3136,36;3115,39;3115,39
Tesouro Prefixado com Juros Semestrais;01/01/2033;08/04/2022;11,67;11,79;931,29;924,45;924,45
Tesouro IPCA+ com Juros Semestrais;15/05/2045;08/04/2022;5,55;5,67;4228,45;4159,98;4159,98
Tesouro IGPM+ com Juros Semestrais;01/01/2031;08/04/2022;5,3;5,42;9396,04;9315,19;9315,19
Tesouro IPCA+ com Juros Semestrais;15/05/2055;08/04/2022;5,56;5,68;4261,45;4182,2;4182,2
Tesouro IPCA+ com Juros Semestrais;15/08/2026;08/04/2022;5,19;5,31;4058,25;4033,3;4033,3
Tesouro Selic;01/03/2023;08/04/2022;0,01;0,02;11539,29;11533,17;11533,17
Tesouro Selic;01/09/2024;08/04/2022;0,06;0,07;11524,02;11516,16;11516,16
Tesouro Prefixado com Juros Semestrais;01/01/2031;08/04/2022;11,68;11,8;941,52;935,32;935,32
Tesouro IPCA+;15/05/2035;08/04/2022;5,42;5,54;1960,53;1928,23;1928,23
Tesouro Prefixado;01/01/2023;08/04/2022;12,89;13,01;915,71;914,56;914,56
Tesouro Prefixado;01/07/2024;08/04/2022;12,08;12,2;777,54;775,35;775,35
Tesouro Prefixado;01/01/2029;08/04/2022;11,62;11,74;478,64;475;475
Tesouro Prefixado com Juros Semestrais;01/01/2025;08/04/2022;11,88;12;986,17;983,21;983,21
Tesouro IPCA+ com Juros Semestrais;15/05/2035;08/04/2022;5,39;5,51;4220,28;4169,13;4169,13
Tesouro Prefixado;01/01/2026;08/04/2022;11,62;11,74;663,9;660,95;660,95
Tesouro Selic;01/03/2025;08/04/2022;0,07;0,08;11516,67;11508,23;11508,23
Tesouro Prefixado com Juros Semestrais;01/01/2027;08/04/2022;11,64;11,76;971,44;967,1;967,1
Tesouro IPCA+;15/08/2024;08/04/2022;5,33;5,45;3457,44;3442,16;3442,16
Tesouro IPCA+;15/05/2045;08/04/2022;5,42;5,54;1158,19;1126,26;1126,26
Tesouro IPCA+ com Juros Semestrais;15/08/2032;08/04/2022;5,37;5,49;4131,6;4087,57;4087,57
Tesouro IPCA+ com Juros Semestrais;15/08/2030;08/04/2022;5,29;5,41;4124,44;4086,03;4086,03
Tesouro IPCA+ com Juros Semestrais;15/08/2040;08/04/2022;5,45;5,57;4187,59;4125,83;4125,83
Tesouro IPCA+ com Juros Semestrais;15/08/2050;08/04/2022;5,56;5,68;4187,29;4112,63;4112,63
Tesouro Selic;01/03/2027;08/04/2022;0,18;0,19;11442,33;11431,64;11431,64
Tesouro Selic;01/03/2025;27/05/2022;0,12;0,13;11676,77;11667,94;11667,94
Tesouro Prefixado com Juros Semestrais;01/01/2027;27/05/2022;12,22;12,34;967,22;963,05;963,05
Tesouro IPCA+;15/08/2024;27/05/2022;5,78;5,9;3502,18;3490,65;3490,65
Tesouro IPCA+;15/05/2045;27/05/2022;5,69;5,81;1117,05;1087,54;1087,54
Tesouro IPCA+ com Juros Semestrais;15/08/2032;27/05/2022;5,62;5,74;4148,22;4108,85;4108,85
Tesouro Prefixado com Juros Semestrais;01/01/2023;08/06/2022;13,48;13,6;1025,11;1024,01;1024,01
Tesouro Prefixado;01/01/2025;08/06/2022;12,81;12,93;734,53;732,18;732,18
Tesouro Prefixado com Juros Semestrais;01/01/2029;08/06/2022;12,92;13,04;923,03;918,05;918,05
Tesouro IPCA+ com Juros Semestrais;15/08/2024;08/06/2022;5,84;5,96;4060,31;4049,25;4049,25
Tesouro IPCA+;15/08/2026;08/06/2022;5,56;5,68;3168,19;3151,9;3151,9
Tesouro Prefixado com Juros Semestrais;01/01/2033;08/06/2022;12,98;13,1;881,91;875,77;875,77
Tesouro IPCA+ com Juros Semestrais;15/05/2045;08/06/2022;5,88;6;4055,49;3995,45;3995,45
Tesouro IGPM+ com Juros Semestrais;01/01/2031;08/06/2022;5,66;5,78;9431,75;9365,18;9365,18
Tesouro IPCA+ com Juros Semestrais;15/05/2055;08/06/2022;5,92;6,04;4043,61;3974,73;3974,73
Tesouro IPCA+ com Juros Semestrais;15/08/2026;08/06/2022;5,59;5,71;4105,37;4086,48;4086,48
Tesouro Selic;01/03/2023;08/06/2022;0,03;0,04;11756,78;11750,32;11750,32
Tesouro Selic;01/09/2024;08/06/2022;0,1;0,11;11734,59;11726,35;11726,35
Tesouro Prefixado com Juros Semestrais;01/01/2031;08/06/2022;12,94;13,06;900,9;895,24;895,24
Tesouro IPCA+;15/05/2035;08/06/2022;5,81;5,93;1918,58;1889,98;1889,98
Tesouro Prefixado;01/01/2023;08/06/2022;13,47;13,59;931,26;930,24;930,24
Tesouro Prefixado;01/07/2024;08/06/2022;13,06;13,18;778,13;776,06;776,06
Tesouro Prefixado;01/01/2029;08/06/2022;12,89;13,01;452,53;449,18;449,18
Tesouro Prefixado com Juros Semestrais;01/01/2025;08/06/2022;12,88;13;984,71;981,91;981,91
Tesouro IPCA+ com Juros Semestrais;15/05/2035;08/06/2022;5,78;5,9;4071,95;4028,09;4028,09
Tesouro Prefixado;01/01/2026;08/06/2022;12,77;12,89;651,64;648,86;648,86
Tesouro IPCA+ com Juros Semestrais;15/08/2030;27/05/2022;5,54;5,66;4152,27;4118,37;4118,37
Tesouro IPCA+ com Juros Semestrais;15/08/2040;27/05/2022;5,67;5,79;4182,34;4125,83;4125,83
Tesouro IPCA+ com Juros Semestrais;15/08/2050;27/05/2022;5,78;5,9;4158,92;4090,44;4090,44
Tesouro Selic;01/03/2027;27/05/2022;0,17;0,18;11619,57;11608,46;11608,46
Tesouro Prefixado com Juros Semestrais;01/01/2023;07/02/2022;11,97;12,09;994,81;993,43;993,43
Tesouro Prefixado;01/01/2025;07/02/2022;11,14;11,26;737,03;734,42;734,42
Tesouro Prefixado com Juros Semestrais;01/01/2029;07/02/2022;11,47;11,59;946,05;940,53;940,53
Tesouro IPCA+ com Juros Semestrais;15/08/2024;07/02/2022;5,45;5,57;3965,02;3953,11;3953,11
Tesouro IPCA+;15/08/2026;07/02/2022;5,13;5,25;3037,98;3021,25;3021,25
Tesouro IPCA+ com Juros Semestrais;15/05/2055;07/02/2022;5,56;5,68;4118,15;4046,38;4046,38
Tesouro Selic;01/03/2023;07/02/2022;0,02;0,03;11337,95;11332,16;11332,16
Tesouro IPCA+;15/05/2035;07/02/2022;5,56;5,68;1862,08;1833,61;1833,61
Tesouro Prefixado;01/01/2023;07/02/2022;11,97;12,09;903,98;902,7;902,7
Tesouro Prefixado;01/07/2024;07/02/2022;11,29;11,41;775,81;773,5;773,5
Tesouro Prefixado;01/01/2026;07/02/2022;11,17;11,29;662,18;659,12;659,12
Tesouro Prefixado com Juros Semestrais;01/01/2027;07/02/2022;11,18;11,3;969,37;964,86;964,86
Tesouro IPCA+;15/05/2045;07/02/2022;5,56;5,68;1085,57;1056,92;1056,92
Tesouro IPCA+ com Juros Semestrais;15/08/2030;07/02/2022;5,4;5,52;4071,52;4039,31;4039,31
Tesouro IPCA+ com Juros Semestrais;15/08/2040;07/02/2022;5,55;5,67;4115,34;4061,16;4061,16
Tesouro IPCA+ com Juros Semestrais;15/08/2050;07/02/2022;5,57;5,69;4153,35;4086,02;4086,02
Tesouro Selic;01/03/2027;07/02/2022;0,22;0,23;11217,64;11207,36;11207,36
Tesouro IPCA+ com Juros Semestrais;15/05/2045;07/02/2022;5,58;5,7;4071,26;4010,2;4010,2
Tesouro IGPM+ com Juros Semestrais;01/01/2031;07/02/2022;5,41;5,53;8911,08;8842,86;8842,86
Tesouro IPCA+ com Juros Semestrais;15/08/2026;07/02/2022;5,17;5,29;4039,52;4019,96;4019,96
Tesouro Selic;01/09/2024;07/02/2022;0,07;0,08;11319,93;11312,42;11312,42
Tesouro Prefixado com Juros Semestrais;01/01/2031;07/02/2022;11,47;11,59;934,71;928,36;928,36
Tesouro Prefixado com Juros Semestrais;01/01/2025;07/02/2022;11,05;11,17;986,47;983,34;983,34
Tesouro IPCA+ com Juros Semestrais;15/05/2035;07/02/2022;5,52;5,64;4032,83;3988,84;3988,84
Tesouro Selic;01/03/2025;07/02/2022;0,1;0,11;11304,36;11296,28;11296,28
Tesouro IPCA+;15/08/2024;07/02/2022;5,42;5,54;3335,25;3324,47;3324,47
Tesouro IPCA+;15/05/2035;02/06/2022;5,75;5,87;1928,74;1899,94;1899,94
Tesouro Prefixado;01/01/2023;02/06/2022;13,41;13,53;929,68;928,65;928,65
Tesouro Prefixado;01/07/2024;02/06/2022;12,78;12,9;780,59;778,51;778,51
Tesouro Prefixado;01/01/2029;02/06/2022;12,56;12,68;460,41;456,99;456,99
Tesouro Prefixado com Juros Semestrais;01/01/2027;26/05/2022;12,39;12,51;961,5;957,35;957,35
Tesouro IPCA+;15/08/2024;26/05/2022;5,84;5,96;3495,03;3484,82;3484,82
Tesouro IPCA+;15/05/2045;26/05/2022;5,74;5,86;1104,14;1075,39;1075,39
Tesouro Prefixado com Juros Semestrais;01/01/2025;02/06/2022;12,65;12,77;987,3;984,49;984,49
Tesouro IPCA+ com Juros Semestrais;15/05/2035;02/06/2022;5,72;5,84;4085;4040,86;4040,86
Tesouro Prefixado;01/01/2026;02/06/2022;12,45;12,57;657,04;654,23;654,23
Tesouro Selic;01/03/2025;02/06/2022;0,11;0,12;11700,56;11691,73;11691,73
Tesouro Prefixado com Juros Semestrais;01/01/2027;02/06/2022;12,62;12,74;956,68;952,57;952,57
Tesouro IPCA+;15/08/2024;02/06/2022;5,71;5,83;3513,06;3502,89;3502,89
Tesouro IPCA+ com Juros Semestrais;15/08/2040;02/06/2022;5,73;5,85;4162,44;4107,96;4107,96
Tesouro IPCA+ com Juros Semestrais;15/08/2050;02/06/2022;5,85;5,97;4127,53;4061,5;4061,5
Tesouro Selic;01/03/2027;02/06/2022;0,17;0,18;11641,32;11630,22;11630,22
Tesouro Prefixado com Juros Semestrais;01/01/2023;06/06/2022;13,43;13,55;1024,33;1023,22;1023,22
Tesouro Prefixado;01/01/2025;06/06/2022;12,54;12,66;738,36;735,99;735,99
Tesouro Prefixado com Juros Semestrais;01/01/2029;06/06/2022;12,63;12,75;933,24;928,18;928,18
Tesouro IPCA+ com Juros Semestrais;15/08/2024;06/06/2022;5,71;5,83;4067,15;4056,04;4056,04
Tesouro IPCA+;15/08/2026;06/06/2022;5,49;5,61;3174,44;3158,08;3158,08
Tesouro Prefixado com Juros Semestrais;01/01/2033;06/06/2022;12,67;12,79;896,07;889,79;889,79
Tesouro IPCA+ com Juros Semestrais;15/05/2045;06/06/2022;5,79;5,91;4096,71;4035,73;4035,73
Tesouro IGPM+ com Juros Semestrais;01/01/2031;06/06/2022;5,55;5,67;9482,65;9415,51;9415,51
Tesouro IPCA+ com Juros Semestrais;15/05/2055;06/06/2022;5,83;5,95;4091,81;4021,58;4021,58
Tesouro IPCA+ com Juros Semestrais;15/08/2026;06/06/2022;5,51;5,63;4113,59;4094,62;4094,62
Tesouro Selic;01/03/2023;06/06/2022;0,03;0,04;11745,8;11739,33;11739,33
Tesouro Selic;01/09/2024;06/06/2022;0,1;0,11;11722,71;11714,46;11714,46
Tesouro Prefixado com Juros Semestrais;01/01/2031;06/06/2022;12,62;12,74;914,19;908,41;908,41
Tesouro IPCA+;15/05/2035;06/06/2022;5,73;5,85;1935,78;1906,88;1906,88
Tesouro Prefixado;01/01/2023;06/06/2022;13,43;13,55;930,52;929,49;929,49
Tesouro Prefixado;01/07/2024;06/06/2022;12,82;12,94;780,77;778,69;778,69
Tesouro Prefixado com Juros Semestrais;01/01/2023;11/04/2022;12,95;13,07;1008,03;1006,79;1006,79
Tesouro Prefixado;01/01/2025;11/04/2022;11,89;12,01;736,83;734,36;734,36
Tesouro Prefixado com Juros Semestrais;01/01/2029;11/04/2022;11,8;11,92;950;944,65;944,65
Tesouro IPCA+ com Juros Semestrais;15/08/2024;11/04/2022;5,38;5,5;3994,7;3981,82;3981,82
Tesouro IPCA+;15/08/2026;11/04/2022;5,24;5,36;3129,57;3111,89;3111,89
Tesouro Prefixado com Juros Semestrais;01/01/2033;11/04/2022;11,86;11,98;921,55;914,81;914,81
Tesouro IPCA+ com Juros Semestrais;15/05/2045;11/04/2022;5,62;5,74;4195,74;4132,34;4132,34
Tesouro IGPM+ com Juros Semestrais;01/01/2031;11/04/2022;5,41;5,53;9334,68;9264,54;9264,54
Tesouro IPCA+ com Juros Semestrais;15/05/2055;11/04/2022;5,63;5,75;4222,42;4148,64;4148,64
Tesouro IPCA+ com Juros Semestrais;15/08/2026;11/04/2022;5,25;5,37;4052,24;4031,52;4031,52
Tesouro Selic;01/03/2023;11/04/2022;0,01;0,02;11544,13;11538,02;11538,02
Tesouro Selic;01/09/2024;11/04/2022;0,06;0,07;11527,75;11519,9;11519,9
Tesouro Prefixado com Juros Semestrais;01/01/2031;11/04/2022;11,87;11,99;932,79;926,67;926,67
Tesouro IPCA+;15/05/2035;11/04/2022;5,51;5,63;1940,24;1910,28;1910,28
Tesouro Prefixado;01/01/2023;11/04/2022;12,94;13,06;915,86;914,71;914,71
Tesouro Prefixado;01/07/2024;11/04/2022;12,19;12,31;776,21;774,03;774,03
Tesouro Prefixado;01/01/2029;11/04/2022;11,76;11,88;474,85;471,24;471,24
Tesouro Prefixado com Juros Semestrais;01/01/2025;11/04/2022;11,99;12,11;984,31;981,36;981,36
Tesouro IPCA+ com Juros Semestrais;15/05/2035;11/04/2022;5,48;5,6;4190,45;4144,09;4144,09
Tesouro Prefixado;01/01/2026;11/04/2022;11,71;11,83;662,2;659,26;659,26
Tesouro Selic;01/03/2025;11/04/2022;0,08;0,09;11520,47;11512,04;11512,04
Tesouro Prefixado com Juros Semestrais;01/01/2027;11/04/2022;11,8;11,92;966,65;962,34;962,34
Tesouro IPCA+;15/08/2024;11/04/2022;5,37;5,49;3456,88;3445,19;3445,19
Tesouro IPCA+;15/05/2045;11/04/2022;5,51;5,63;1136,49;1106,33;1106,33
Tesouro IPCA+ com Juros Semestrais;15/08/2032;11/04/2022;5,47;5,59;4103,9;4064,47;4064,47
Tesouro IPCA+ com Juros Semestrais;15/08/2030;11/04/2022;5,4;5,52;4098,81;4064,91;4064,91
Tesouro IPCA+ com Juros Semestrais;15/08/2040;11/04/2022;5,52;5,64;4158,75;4101,84;4101,84
Tesouro IPCA+ com Juros Semestrais;15/08/2050;11/04/2022;5,63;5,75;4150,85;4081,41;4081,41
Tesouro Selic;01/03/2027;11/04/2022;0,18;0,19;11446,31;11435,62;11435,62
Tesouro Prefixado com Juros Semestrais;01/01/2023;02/06/2022;13,4;13,52;1023,46;1022,34;1022,34
Tesouro Prefixado;01/01/2025;02/06/2022;12,52;12,64;738,01;735,64;735,64
Tesouro Prefixado com Juros Semestrais;01/01/2029;02/06/2022;12,69;12,81;930,05;925;925
Tesouro IPCA+ com Juros Semestrais;15/08/2024;02/06/2022;5,72;5,84;4061,48;4050,35;4050,35
Tesouro IPCA+;15/08/2026;02/06/2022;5,58;5,7;3159,36;3143,06;3143,06
Tesouro Prefixado com Juros Semestrais;01/01/2033;02/06/2022;12,73;12,85;892,29;886,03;886,03
Tesouro IPCA+ com Juros Semestrais;15/05/2045;02/06/2022;5,82;5,94;4076,83;4016,21;4016,21
Tesouro Prefixado com Juros Semestrais;01/01/2023;18/02/2022;12,36;12,48;995,94;994,59;994,59
Tesouro Prefixado;01/01/2025;18/02/2022;11,46;11,58;733,77;731,2;731,2
Tesouro Prefixado com Juros Semestrais;01/01/2029;18/02/2022;11,47;11,59;949,73;944,22;944,22
Tesouro IPCA+ com Juros Semestrais;15/08/2024;18/02/2022;5,64;5,76;3855,45;3840,76;3840,76
Tesouro IPCA+;15/08/2026;18/02/2022;5,32;5,44;3028,12;3009,25;3009,25
Tesouro IPCA+ com Juros Semestrais;15/05/2055;18/02/2022;5,68;5,8;4068,32;3995,19;3995,19
Tesouro Selic;01/03/2023;18/02/2022;0,02;0,03;11379,27;11373,5;11373,5
Tesouro IPCA+;15/05/2035;18/02/2022;5,65;5,77;1850,46;1820,85;1820,85
Tesouro Prefixado;01/01/2023;18/02/2022;12,36;12,48;904,93;903,68;903,68
Tesouro Prefixado;01/07/2024;18/02/2022;11,72;11,84;771,79;769,52;769,52
Tesouro Prefixado;01/01/2026;18/02/2022;11,36;11,48;660,32;657,3;657,3
Tesouro Prefixado com Juros Semestrais;01/01/2027;18/02/2022;11,24;11,36;971;966,52;966,52
Tesouro IPCA+;15/05/2045;18/02/2022;5,65;5,77;1069,66;1040,7;1040,7
Tesouro IPCA+ com Juros Semestrais;15/08/2030;18/02/2022;5,53;5,65;3945,45;3910,59;3910,59
Tesouro IPCA+ com Juros Semestrais;15/08/2040;18/02/2022;5,65;5,77;3978,9;3922,44;3922,44
Tesouro IPCA+ com Juros Semestrais;15/08/2050;18/02/2022;5,7;5,82;3989,8;3921,08;3921,08
Tesouro Selic;01/03/2027;18/02/2022;0,19;0,2;11272,57;11262,29;11262,29
Tesouro IPCA+ com Juros Semestrais;15/05/2045;18/02/2022;5,7;5,82;4031,97;3968,99;3968,99
Tesouro IGPM+ com Juros Semestrais;01/01/2031;18/02/2022;5,54;5,66;8953,6;8871,38;8871,38
Tesouro IPCA+ com Juros Semestrais;15/08/2026;18/02/2022;5,36;5,48;3917,78;3895,47;3895,47
Tesouro Selic;01/09/2024;18/02/2022;0,06;0,07;11364,18;11356,68;11356,68
Tesouro Prefixado com Juros Semestrais;01/01/2031;18/02/2022;11,48;11,6;937,85;931,52;931,52
Tesouro Prefixado com Juros Semestrais;01/01/2025;18/02/2022;11,36;11,48;983,24;980,16;980,16
Tesouro IPCA+ com Juros Semestrais;15/05/2035;18/02/2022;5,62;5,74;4017,44;3970,83;3970,83
Tesouro Selic;01/03/2025;18/02/2022;0,09;0,1;11351,37;11343,3;11343,3
Tesouro IPCA+;15/08/2024;18/02/2022;5,61;5,73;3336,85;3323,62;3323,62
Tesouro Prefixado com Juros Semestrais;01/01/2023;11/03/2022;13,03;13,15;997,3;995,99;995,99
Tesouro Prefixado;01/01/2025;11/03/2022;12,29;12,41;722,71;720,21;720,21
Tesouro Prefixado com Juros Semestrais;01/01/2029;11/03/2022;12,2;12,32;924,8;919,53;919,53
Tesouro IPCA+ com Juros Semestrais;15/08/2024;11/03/2022;5,73;5,85;3889,07;3873,98;3873,98
Tesouro IPCA+;15/08/2026;11/03/2022;5,62;5,74;3021,74;3002,71;3002,71
Tesouro IPCA+ com Juros Semestrais;15/05/2055;11/03/2022;5,8;5,92;4042,91;3970,66;3970,66
Tesouro Selic;01/03/2023;11/03/2022;0;0,01;11441,18;11435,44;11435,44
Tesouro IPCA+;15/05/2035;11/03/2022;5,78;5,9;1840,28;1810,73;1810,73
Tesouro Prefixado;01/01/2023;11/03/2022;13,02;13,14;906,1;904,89;904,89
Tesouro Prefixado;01/07/2024;11/03/2022;12,55;12,67;763,2;760,98;760,98
Tesouro Prefixado;01/01/2029;11/03/2022;12,22;12,34;457,54;454,03;454,03
Tesouro Prefixado;01/01/2026;11/03/2022;12,12;12,24;647,03;644,11;644,11
Tesouro Prefixado com Juros Semestrais;01/01/2027;11/03/2022;12,01;12,13;950,85;946,53;946,53
Tesouro IPCA+;15/05/2045;11/03/2022;5,78;5,9;1050,81;1022,31;1022,31
Tesouro IPCA+ com Juros Semestrais;15/08/2030;11/03/2022;5,76;5,88;3929,39;3894,5;3894,5
Tesouro IPCA+;15/05/2045;02/06/2022;5,75;5,87;1104,44;1075,71;1075,71
Tesouro IPCA+ com Juros Semestrais;15/08/2032;02/06/2022;5,68;5,8;4136,87;4099,28;4099,28
Tesouro IPCA+ com Juros Semestrais;15/08/2030;02/06/2022;5,59;5,71;4146,19;4113,99;4113,99
Tesouro IPCA+ com Juros Semestrais;15/08/2040;11/03/2022;5,79;5,91;3960,62;3904,45;3904,45
Tesouro IPCA+ com Juros Semestrais;15/08/2050;11/03/2022;5,8;5,92;3978,61;3910,27;3910,27
Tesouro IGPM+ com Juros Semestrais;01/01/2031;11/03/2022;5,75;5,87;8954,53;8881,34;8881,34
Tesouro IPCA+ com Juros Semestrais;15/08/2026;11/03/2022;5,63;5,75;3919,32;3896,76;3896,76
Tesouro Selic;01/09/2024;11/03/2022;0,03;0,04;11432,19;11424,72;11424,72
Tesouro Prefixado com Juros Semestrais;01/01/2031;11/03/2022;12,13;12,25;911,75;905,71;905,71
Tesouro Prefixado com Juros Semestrais;01/01/2025;11/03/2022;12,21;12,33;970,36;967,36;967,36
Tesouro IPCA+ com Juros Semestrais;15/05/2035;11/03/2022;5,77;5,89;4007,67;3961,07;3961,07
Tesouro Selic;01/03/2025;11/03/2022;0,05;0,06;11423,3;11415,25;11415,25
Tesouro IPCA+;15/08/2024;11/03/2022;5,72;5,84;3363,96;3350,39;3350,39
Tesouro IPCA+ com Juros Semestrais;15/08/2032;11/03/2022;5,76;5,88;3938,82;3898,62;3898,62
Tesouro IGPM+ com Juros Semestrais;01/01/2031;02/06/2022;5,61;5,73;9440,33;9373,48;9373,48
Tesouro IPCA+ com Juros Semestrais;15/05/2055;02/06/2022;5,86;5,98;4069,57;3999,84;3999,84
Tesouro IPCA+ com Juros Semestrais;15/08/2026;02/06/2022;5,6;5,72;4095,72;4076,8;4076,8
Tesouro Selic;01/03/2023;02/06/2022;0,03;0,04;11734,76;11728,3;11728,3
Tesouro Selic;01/09/2024;02/06/2022;0,1;0,11;11711,17;11702,93;11702,93
Tesouro Prefixado com Juros Semestrais;01/01/2031;02/06/2022;12,71;12,83;909,31;903,56;903,56
Tesouro Prefixado com Juros Semestrais;01/01/2023;12/05/2022;13,34;13,46;1016,16;1014,99;1014,99
Tesouro Prefixado;01/01/2025;12/05/2022;12,57;12,69;731,99;729,59;729,59
Tesouro Prefixado com Juros Semestrais;01/01/2029;12/05/2022;12,67;12,79;924,23;919,16;919,16
Tesouro IPCA+ com Juros Semestrais;15/08/2024;12/05/2022;5,53;5,65;4045,99;4033,99;4033,99
Tesouro IPCA+;15/08/2026;12/05/2022;5,6;5,72;3133,1;3116,22;3116,22
Tesouro Prefixado com Juros Semestrais;01/01/2033;12/05/2022;12,72;12,84;886,43;880,16;880,16
Tesouro IPCA+ com Juros Semestrais;15/05/2045;12/05/2022;5,9;6,02;4123,11;4062,82;4062,82
Tesouro IGPM+ com Juros Semestrais;01/01/2031;12/05/2022;5,7;5,82;9328,19;9261,68;9261,68
Tesouro IPCA+ com Juros Semestrais;15/05/2055;12/05/2022;5,91;6,03;4126,65;4057,26;4057,26
Tesouro IPCA+ com Juros Semestrais;15/08/2026;12/05/2022;5,59;5,71;4066,36;4046,65;4046,65
Tesouro Selic;01/03/2023;12/05/2022;0,05;0,06;11649,46;11642,95;11642,95
Tesouro Selic;01/09/2024;12/05/2022;0,13;0,14;11620,65;11612,39;11612,39
Tesouro Prefixado com Juros Semestrais;01/01/2031;12/05/2022;12,68;12,8;904,2;898,42;898,42
Tesouro IPCA+;15/05/2035;12/05/2022;5,84;5,96;1893,08;1864,4;1864,4
Tesouro Prefixado;01/01/2023;12/05/2022;13,34;13,46;923,11;922,02;922,02
Tesouro Prefixado;01/07/2024;12/05/2022;12,84;12,96;774,15;772,04;772,04
Tesouro Prefixado;01/01/2029;12/05/2022;12,59;12,71;456,37;452,95;452,95
Tesouro Prefixado com Juros Semestrais;01/01/2025;12/05/2022;12,64;12,76;980,53;977,67;977,67
Tesouro IPCA+ com Juros Semestrais;15/05/2035;12/05/2022;5,8;5,92;4142,41;4098,02;4098,02
Tesouro Prefixado;01/01/2026;12/05/2022;12,47;12,59;652,05;649,22;649,22
Tesouro Selic;01/03/2025;12/05/2022;0,13;0,14;11611,03;11602,18;11602,18
Tesouro Prefixado com Juros Semestrais;01/01/2027;12/05/2022;12,55;12,67;952,09;947,95;947,95
Tesouro IPCA+;15/08/2024;12/05/2022;5,54;5,66;3499,06;3488,14;3488,14
Tesouro IPCA+;15/05/2045;12/05/2022;5,84;5,96;1074,87;1046,69;1046,69
Tesouro IPCA+ com Juros Semestrais;15/08/2032;12/05/2022;5,76;5,88;4081,58;4043,62;4043,62
Tesouro IPCA+ com Juros Semestrais;15/08/2030;12/05/2022;5,7;5,82;4087;4054,39;4054,39
Tesouro IPCA+ com Juros Semestrais;15/08/2040;12/05/2022;5,81;5,93;4095,61;4041,26;4041,26
Tesouro IPCA+ com Juros Semestrais;15/08/2050;12/05/2022;5,91;6,03;4063,65;3998;3998
Tesouro Selic;01/03/2027;12/05/2022;0,18;0,19;11556,22;11545,13;11545,13
Tesouro Prefixado com Juros Semestrais;01/01/2023;14/02/2022;12,44;12,56;993,5;992,14;992,14
Tesouro Prefixado;01/01/2025;14/02/2022;11,43;11,55;733,07;730,49;730,49
Tesouro Prefixado com Juros Semestrais;01/01/2029;14/02/2022;11,49;11,61;947,24;941,73;941,73
Tesouro IPCA+ com Juros Semestrais;15/08/2024;14/02/2022;5,7;5,82;3839,67;3940,55;3940,55
Tesouro IPCA+;15/08/2026;14/02/2022;5,32;5,44;3019,89;3003,34;3003,34
Tesouro IPCA+ com Juros Semestrais;15/05/2055;14/02/2022;5,67;5,79;4062,82;3992,76;3992,76
Tesouro Selic;01/03/2023;14/02/2022;0,02;0,03;11360,75;11354,96;11354,96
Tesouro IPCA+;15/05/2035;14/02/2022;5,66;5,78;1843,04;1814,92;1814,92
Tesouro Prefixado;01/01/2023;14/02/2022;12,42;12,54;902,84;901,58;901,58
Tesouro Prefixado;01/07/2024;14/02/2022;11,7;11,82;770,76;768,48;768,48
Tesouro Prefixado;01/01/2026;14/02/2022;11,33;11,45;659,88;656,85;656,85
Tesouro Prefixado com Juros Semestrais;01/01/2027;14/02/2022;11,24;11,36;969,36;964,87;964,87
Tesouro IPCA+;15/05/2045;14/02/2022;5,66;5,78;1064,37;1036,33;1036,33
Tesouro IPCA+ com Juros Semestrais;15/08/2030;14/02/2022;5,57;5,69;3924,48;4005,38;4005,38
Tesouro IPCA+ com Juros Semestrais;15/08/2040;14/02/2022;5,65;5,77;3967,89;4027,17;4027,17
Tesouro IPCA+ com Juros Semestrais;15/08/2050;14/02/2022;5,68;5,8;3989,55;4036,34;4036,34
Tesouro Selic;01/03/2027;14/02/2022;0,21;0,22;11244,22;11233,94;11233,94
Tesouro IPCA+ com Juros Semestrais;15/05/2045;14/02/2022;5,68;5,8;4030,61;3970,6;3970,6
Tesouro IGPM+ com Juros Semestrais;01/01/2031;14/02/2022;5,57;5,69;8874,59;8805,94;8805,94
Tesouro IPCA+ com Juros Semestrais;15/08/2026;14/02/2022;5,36;5,48;3907,11;4000,42;4000,42
Tesouro Selic;01/03/2027;11/03/2022;0,17;0,18;11346,64;11336,37;11336,37
Tesouro Prefixado com Juros Semestrais;01/01/2033;11/03/2022;12,24;12,36;893,1;886,55;886,55
Tesouro IPCA+ com Juros Semestrais;15/05/2045;11/03/2022;5,8;5,92;4026,14;3963,31;3963,31
Tesouro Selic;01/09/2024;14/02/2022;0,07;0,08;11344,48;11336,98;11336,98
Tesouro Prefixado com Juros Semestrais;01/01/2031;14/02/2022;11,53;11,65;933,75;927,44;927,44
Tesouro Prefixado com Juros Semestrais;01/01/2025;14/02/2022;11,33;11,45;982,23;979,14;979,14
Tesouro IPCA+ com Juros Semestrais;15/05/2035;14/02/2022;5,63;5,75;4002,82;3959,39;3959,39
Tesouro Selic;01/03/2025;14/02/2022;0,1;0,11;11330,35;11322,27;11322,27
Tesouro IPCA+;15/08/2024;14/02/2022;5,67;5,79;3322,94;3312,27;3312,27
Tesouro Prefixado com Juros Semestrais;01/01/2023;27/05/2022;13,32;13,44;1021,83;1020,7;1020,7
Tesouro Prefixado;01/01/2025;27/05/2022;12,2;12,32;742,08;739,69;739,69
Tesouro Prefixado com Juros Semestrais;01/01/2029;27/05/2022;12,35;12,47;941,53;936,39;936,39
Tesouro IPCA+ com Juros Semestrais;15/08/2024;27/05/2022;5,79;5,91;4049,27;4036,57;4036,57
Tesouro IPCA+;15/08/2026;27/05/2022;5,48;5,6;3166,85;3149,25;3149,25
Tesouro Prefixado com Juros Semestrais;01/01/2033;27/05/2022;12,45;12,57;904,45;898,05;898,05
Tesouro IPCA+ com Juros Semestrais;15/05/2045;27/05/2022;5,76;5,88;4100,02;4037,25;4037,25
Tesouro IGPM+ com Juros Semestrais;01/01/2031;27/05/2022;5,56;5,68;9438,12;9369,38;9369,38
Tesouro IPCA+ com Juros Semestrais;15/05/2055;27/05/2022;5,79;5,91;4103,34;4031,04;4031,04
Tesouro IPCA+ com Juros Semestrais;15/08/2026;27/05/2022;5,51;5,63;4102,11;4081,53;4081,53
Tesouro Selic;01/03/2023;27/05/2022;0,03;0,04;11712,21;11705,73;11705,73
Tesouro Selic;01/09/2024;27/05/2022;0,1;0,11;11687,7;11679,46;11679,46
Tesouro Prefixado com Juros Semestrais;01/01/2031;27/05/2022;12,41;12,53;921,09;915,22;915,22
Tesouro IPCA+;15/05/2035;27/05/2022;5,69;5,81;1939,74;1910;1910
Tesouro Prefixado;01/01/2023;27/05/2022;13,32;13,44;928,27;927,22;927,22
Tesouro Prefixado;01/07/2024;27/05/2022;12,49;12,61;783,28;781,18;781,18
Tesouro Prefixado;01/01/2029;27/05/2022;12,22;12,34;468,77;465,28;465,28
Tesouro Prefixado com Juros Semestrais;01/01/2025;27/05/2022;12,31;12,43;992,17;989,32;989,32
Tesouro IPCA+ com Juros Semestrais;15/05/2035;27/05/2022;5,66;5,78;4099,75;4053,78;4053,78
Tesouro Prefixado;01/01/2026;27/05/2022;12,07;12,19;663,85;661;661
Tesouro Prefixado com Juros Semestrais;01/01/2023;13/05/2022;13,39;13,51;1016,39;1015,22;1015,22
Tesouro Prefixado;01/01/2025;13/05/2022;12,62;12,74;731,47;729,08;729,08
Tesouro Prefixado com Juros Semestrais;01/01/2029;13/05/2022;12,64;12,76;925,83;920,75;920,75
Tesouro IPCA+ com Juros Semestrais;15/08/2024;13/05/2022;5,52;5,64;4051,11;4037,1;4037,1
Tesouro IPCA+;15/08/2026;13/05/2022;5,56;5,68;3141,5;3123,02;3123,02
Tesouro Prefixado com Juros Semestrais;01/01/2033;13/05/2022;12,68;12,8;888,82;882,53;882,53
Tesouro IPCA+ com Juros Semestrais;15/05/2045;13/05/2022;5,82;5,94;4050,01;4103,66;4103,66
Tesouro IGPM+ com Juros Semestrais;01/01/2031;13/05/2022;5,61;5,73;9382,35;9312,4;9312,4
Tesouro IPCA+ com Juros Semestrais;15/05/2055;13/05/2022;5,83;5,95;4059,96;4104,11;4104,11
Tesouro IPCA+ com Juros Semestrais;15/08/2026;13/05/2022;5,55;5,67;4076,52;4054,75;4054,75
Tesouro Selic;01/03/2023;13/05/2022;0,05;0,06;11655,17;11648,67;11648,67
Tesouro Selic;01/09/2024;13/05/2022;0,12;0,14;11626,62;11618,37;11618,37
Tesouro Prefixado com Juros Semestrais;01/01/2031;13/05/2022;12,63;12,75;906,86;901,07;901,07
Tesouro IPCA+;15/05/2035;13/05/2022;5,76;5,88;1913,78;1883,83;1883,83
Tesouro Prefixado;01/01/2023;13/05/2022;13,38;13,5;923,36;922,28;922,28
Tesouro Prefixado;01/07/2024;13/05/2022;12,93;13,05;773,22;771,11;771,11
Tesouro Prefixado;01/01/2029;13/05/2022;12,56;12,68;457,39;453,97;453,97
Tesouro Prefixado com Juros Semestrais;01/01/2025;13/05/2022;12,7;12,82;979,8;976,94;976,94
Tesouro IPCA+ com Juros Semestrais;15/05/2035;13/05/2022;5,72;5,84;4058,34;4128,34;4128,34
Tesouro Prefixado;01/01/2026;13/05/2022;12,49;12,61;651,93;649,1;649,1
Tesouro Selic;01/03/2025;13/05/2022;0,13;0,14;11617,09;11608,26;11608,26
Tesouro Prefixado com Juros Semestrais;01/01/2027;13/05/2022;12,56;12,68;952,23;948,09;948,09
Tesouro IPCA+;15/08/2024;13/05/2022;5,53;5,65;3503,54;3490,87;3490,87
Tesouro IPCA+;15/05/2045;13/05/2022;5,76;5,88;1094,84;1065,6;1065,6
Tesouro IPCA+ com Juros Semestrais;15/08/2032;13/05/2022;5,69;5,81;4106,95;4066,69;4066,69
Tesouro Prefixado;01/01/2029;06/06/2022;12,53;12,65;461,65;458,22;458,22
Tesouro Prefixado com Juros Semestrais;01/01/2025;06/06/2022;12,66;12,78;988,04;985,23;985,23
Tesouro IPCA+ com Juros Semestrais;15/05/2035;06/06/2022;5,69;5,81;4100,61;4056,31;4056,31
Tesouro Prefixado;01/01/2026;06/06/2022;12,45;12,57;657,66;654,85;654,85
Tesouro Selic;01/03/2025;06/06/2022;0,11;0,12;11711,92;11703,09;11703,09
Tesouro Prefixado com Juros Semestrais;01/01/2027;06/06/2022;12,58;12,7;958,8;954,69;954,69
Tesouro IPCA+;15/08/2024;06/06/2022;5,7;5,82;3518,01;3507,85;3507,85
Tesouro IPCA+;15/05/2045;06/06/2022;5,73;5,85;1110,57;1081,68;1081,68
Tesouro IPCA+ com Juros Semestrais;15/08/2032;06/06/2022;5,64;5,76;4153,89;4116,15;4116,15
Tesouro IPCA+ com Juros Semestrais;15/08/2030;06/06/2022;5,52;5,64;4169,06;4136,69;4136,69
Tesouro IPCA+ com Juros Semestrais;15/08/2040;06/06/2022;5,7;5,82;4180,79;4126,05;4126,05
Tesouro IPCA+ com Juros Semestrais;15/08/2050;06/06/2022;5,83;5,95;4143,41;4077,07;4077,07
Tesouro Selic;01/03/2027;06/06/2022;0,17;0,18;11652,83;11641,71;11641,71
Tesouro IPCA+ com Juros Semestrais;15/08/2030;13/05/2022;5,6;5,72;4116,85;4081,93;4081,93
Tesouro IPCA+ com Juros Semestrais;15/08/2040;13/05/2022;5,72;5,84;4139,68;4082,53;4082,53
Tesouro IPCA+ com Juros Semestrais;15/08/2050;13/05/2022;5,83;5,95;4111,16;4042,37;4042,37
Tesouro Selic;01/03/2027;13/05/2022;0,17;0,18;11563,54;11552,44;11552,44
Tesouro Prefixado com Juros Semestrais;01/01/2023;18/05/2022;13,35;13,47;1018,12;1016,97;1016,97
Tesouro Prefixado;01/01/2025;18/05/2022;12,5;12,62;734,56;732,16;732,16
Tesouro Prefixado com Juros Semestrais;01/01/2029;18/05/2022;12,48;12,6;933,38;928,26;928,26
Tesouro IPCA+ com Juros Semestrais;15/08/2024;18/05/2022;5,47;5,59;4059,54;4048,4;4048,4
Tesouro IPCA+;15/08/2026;18/05/2022;5,43;5,55;3161,39;3145,05;3145,05
Tesouro Prefixado com Juros Semestrais;01/01/2033;18/05/2022;12,46;12,58;901;894,6;894,6
Tesouro IPCA+ com Juros Semestrais;15/05/2045;18/05/2022;5,73;5,85;4099,49;4038,21;4038,21
Tesouro IGPM+ com Juros Semestrais;01/01/2031;18/05/2022;5,5;5,62;9451,58;9384,13;9384,13
Tesouro IPCA+ com Juros Semestrais;15/05/2055;18/05/2022;5,76;5,88;4105,24;4034,3;4034,3
Tesouro IPCA+ com Juros Semestrais;15/08/2026;18/05/2022;5,43;5,55;4098,45;4079,48;4079,48
Tesouro Selic;01/03/2023;18/05/2022;0,04;0,05;11672,6;11666,1;11666,1
Tesouro Selic;01/09/2024;18/05/2022;0,12;0,13;11644,92;11636,65;11636,65
Tesouro Prefixado com Juros Semestrais;01/01/2031;18/05/2022;12,43;12,55;917,19;911,32;911,32
Tesouro IPCA+;15/05/2035;18/05/2022;5,63;5,75;1946,65;1917,54;1917,54
Tesouro Prefixado;01/01/2023;18/05/2022;13,34;13,46;924,95;923,87;923,87
Tesouro Prefixado;01/07/2024;18/05/2022;12,78;12,9;776,5;774,4;774,4
Tesouro Prefixado;01/01/2029;18/05/2022;12,39;12,51;462,63;459,17;459,17
Tesouro Prefixado com Juros Semestrais;01/01/2025;18/05/2022;12,59;12,71;983,38;980,53;980,53
Tesouro IPCA+ com Juros Semestrais;15/05/2035;18/05/2022;5,6;5,72;4105,86;4061,33;4061,33
Tesouro Prefixado;01/01/2026;18/05/2022;12,38;12,5;655,16;652,33;652,33
Tesouro Selic;01/03/2025;18/05/2022;0,13;0,14;11635,41;11626,58;11626,58
Tesouro Prefixado com Juros Semestrais;01/01/2027;18/05/2022;12,42;12,54;957,9;953,74;953,74
Tesouro IPCA+;15/08/2024;18/05/2022;5,48;5,6;3511,06;3500,87;3500,87
Tesouro IPCA+;15/05/2045;18/05/2022;5,63;5,75;1127,39;1098,03;1098,03
Tesouro IPCA+ com Juros Semestrais;15/08/2032;18/05/2022;5,57;5,69;4147,77;4109,97;4109,97
Tesouro IPCA+ com Juros Semestrais;15/08/2030;18/05/2022;5,49;5,61;4149,59;4117,29;4117,29
Tesouro IPCA+ com Juros Semestrais;15/08/2040;18/05/2022;5,61;5,73;4193,49;4138,3;4138,3
Tesouro IPCA+ com Juros Semestrais;15/08/2050;18/05/2022;5,75;5,87;4159,62;4092,57;4092,57
Tesouro Selic;01/03/2027;18/05/2022;0,17;0,18;11582,67;11571,56;11571,56
Tesouro Prefixado com Juros Semestrais;01/01/2023;06/04/2022;12,74;12,86;1007,9;1006,66;1006,66
Tesouro Prefixado;01/01/2025;06/04/2022;11,47;11,59;743,44;740,94;740,94
Tesouro Prefixado com Juros Semestrais;01/01/2029;06/04/2022;11,34;11,46;968;962,51;962,51
Tesouro IPCA+ com Juros Semestrais;15/08/2024;06/04/2022;5,29;5,41;3979,48;3967,03;3967,03
Tesouro IPCA+;15/08/2026;06/04/2022;5,14;5,26;3124,72;3107,35;3107,35
Tesouro Prefixado com Juros Semestrais;01/01/2033;06/04/2022;11,43;11,55;943,56;936,58;936,58
Tesouro IPCA+ com Juros Semestrais;15/05/2045;06/04/2022;5,57;5,69;4197,18;4133,98;4133,98
Tesouro IGPM+ com Juros Semestrais;01/01/2031;06/04/2022;5,32;5,44;9362,59;9291,24;9291,24
Tesouro IPCA+ com Juros Semestrais;15/05/2055;06/04/2022;5,58;5,7;4228,18;4154,39;4154,39
Tesouro IPCA+ com Juros Semestrais;15/08/2026;06/04/2022;5,16;5,28;4042,63;4022,34;4022,34
Tesouro Selic;01/03/2023;06/04/2022;0,01;0,02;11529,71;11523,59;11523,59
Tesouro Selic;01/09/2024;06/04/2022;0,04;0,05;11518,45;11510,59;11510,59
Tesouro Prefixado com Juros Semestrais;01/01/2031;06/04/2022;11,41;11,53;953,93;947,6;947,6
Tesouro IPCA+;15/05/2035;06/04/2022;5,46;5,58;1941,16;1911,35;1911,35
Tesouro Prefixado;01/01/2023;06/04/2022;12,74;12,86;915,73;914,57;914,57
Tesouro Prefixado;01/07/2024;06/04/2022;11,75;11,87;781,92;779,72;779,72
Tesouro Prefixado;01/01/2029;06/04/2022;11,37;11,49;485,47;481,77;481,77
Tesouro Prefixado com Juros Semestrais;01/01/2025;06/04/2022;11,5;11,62;993,35;990,36;990,36
Tesouro IPCA+ com Juros Semestrais;15/05/2035;06/04/2022;5,42;5,54;4188,38;4142,35;4142,35
Tesouro Prefixado;01/01/2026;06/04/2022;11,32;11,44;670,02;667,04;667,04
Tesouro Selic;01/03/2025;06/04/2022;0,06;0,07;11511,1;11502,66;11502,66
Tesouro Prefixado com Juros Semestrais;01/01/2027;06/04/2022;11,29;11,41;982,14;977,74;977,74
Tesouro IPCA+;15/08/2024;06/04/2022;5,28;5,4;3444,12;3432,81;3432,81
Tesouro IPCA+;15/05/2045;06/04/2022;5,46;5,58;1142,41;1112,19;1112,19
Tesouro IPCA+ com Juros Semestrais;15/08/2032;06/04/2022;5,39;5,51;4104,96;4065,84;4065,84
Tesouro IPCA+ com Juros Semestrais;15/08/2030;06/04/2022;5,31;5,43;4098,8;4065,24;4065,24
Tesouro IPCA+ com Juros Semestrais;15/08/2040;06/04/2022;5,48;5,6;4153,13;4096,6;4096,6
Tesouro IPCA+ com Juros Semestrais;15/08/2050;06/04/2022;5,58;5,7;4155,16;4085,8;4085,8
Tesouro Selic;01/03/2027;06/04/2022;0,17;0,18;11434,68;11423,99;11423,99
Tesouro Prefixado com Juros Semestrais;01/01/2023;19/05/2022;13,3;13,42;1018,9;1017,75;1017,75
Tesouro Prefixado;01/01/2025;19/05/2022;12,41;12,53;736,44;734,05;734,05
Tesouro Prefixado com Juros Semestrais;01/01/2029;19/05/2022;12,43;12,55;935,78;930,64;930,64
Tesouro IPCA+ com Juros Semestrais;15/08/2024;19/05/2022;5,48;5,6;4060,19;4049,07;4049,07
Tesouro IPCA+;15/08/2026;19/05/2022;5,4;5,52;3166,34;3149,98;3149,98
Tesouro Prefixado com Juros Semestrais;01/01/2033;19/05/2022;12,44;12,56;902,42;896,01;896,01
Tesouro IPCA+ com Juros Semestrais;15/05/2045;19/05/2022;5,72;5,84;4106,04;4044,65;4044,65
Tesouro IGPM+ com Juros Semestrais;01/01/2031;19/05/2022;5,5;5,62;9455,11;9387,67;9387,67
Tesouro IPCA+ com Juros Semestrais;15/05/2055;19/05/2022;5,75;5,87;4112,64;4041,53;4041,53
Tesouro IPCA+ com Juros Semestrais;15/08/2026;19/05/2022;5,4;5,52;4104,3;4085,32;4085,32
Tesouro Selic;01/03/2023;19/05/2022;0,04;0,05;11678,34;11671,86;11671,86
Tesouro Selic;01/09/2024;19/05/2022;0,12;0,13;11651,03;11642,77;11642,77
Tesouro Prefixado com Juros Semestrais;01/01/2031;19/05/2022;12,39;12,51;919,44;913,56;913,56
Tesouro IPCA+;15/05/2035;19/05/2022;5,62;5,74;1949,75;1920,6;1920,6
Tesouro Prefixado;01/01/2023;19/05/2022;13,28;13,4;925,71;924,64;924,64
Tesouro Prefixado;01/07/2024;19/05/2022;12,7;12,82;778,03;775,93;775,93
Tesouro Prefixado;01/01/2029;19/05/2022;12,33;12,45;464,48;461;461
Tesouro Prefixado com Juros Semestrais;01/01/2025;19/05/2022;12,5;12,62;985,63;982,78;982,78
Tesouro IPCA+ com Juros Semestrais;15/05/2035;19/05/2022;5,59;5,71;4110,96;4066,39;4066,39
Tesouro Prefixado;01/01/2026;19/05/2022;12,3;12,42;657,16;654,32;654,32
Tesouro Selic;01/03/2025;19/05/2022;0,12;0,14;11641,53;11632,68;11632,68
Tesouro Prefixado com Juros Semestrais;01/01/2027;19/05/2022;12,36;12,48;960,21;956,04;956,04
Tesouro IPCA+;15/08/2024;19/05/2022;5,49;5,61;3511,58;3501,41;3501,41
Tesouro IPCA+;15/05/2045;19/05/2022;5,62;5,74;1130,25;1100,82;1100,82
Tesouro IPCA+ com Juros Semestrais;15/08/2032;19/05/2022;5,57;5,69;4149,28;4111,48;4111,48
Tesouro IPCA+ com Juros Semestrais;15/08/2030;19/05/2022;5,49;5,61;4151,08;4118,79;4118,79
Tesouro IPCA+ com Juros Semestrais;15/08/2040;19/05/2022;5,6;5,72;4199,54;4144,27;4144,27
Tesouro IPCA+ com Juros Semestrais;15/08/2050;19/05/2022;5,74;5,86;4166,69;4099,5;4099,5
Tesouro Selic;01/03/2027;19/05/2022;0,17;0,18;11588,49;11577,38;11577,38
Tesouro Prefixado com Juros Semestrais;01/01/2023;28/03/2022;12,75;12,87;1004,48;1003,21;1003,21
Tesouro Prefixado;01/01/2025;28/03/2022;11,47;11,59;741,2;738,69;738,69
Tesouro Prefixado com Juros Semestrais;01/01/2029;28/03/2022;11,57;11,69;955,39;949,96;949,96
Tesouro IPCA+ com Juros Semestrais;15/08/2024;28/03/2022;4,9;5,02;3992,13;3979,53;3979,53
Tesouro IPCA+;15/08/2026;28/03/2022;4,91;5,03;3138,82;3121,26;3121,26
Tesouro IPCA+ com Juros Semestrais;15/05/2055;28/03/2022;5,49;5,61;4260,75;4185,71;4185,71
Tesouro Selic;01/03/2023;28/03/2022;0;0,01;11495,07;11488,93;11488,93
Tesouro IPCA+;15/05/2035;28/03/2022;5,37;5,49;1952,84;1922,78;1922,78
Tesouro Prefixado;01/01/2023;28/03/2022;12,74;12,86;912,68;911,5;911,5
Tesouro Prefixado;01/07/2024;28/03/2022;11,71;11,83;780,14;777,92;777,92
Tesouro Prefixado;01/01/2029;28/03/2022;11,6;11,72;477,34;473,69;473,69
Tesouro Prefixado;01/01/2026;28/03/2022;11,37;11,49;666,9;663,91;663,91
Tesouro Prefixado com Juros Semestrais;01/01/2027;28/03/2022;11,34;11,46;977,56;973,15;973,15
Tesouro IPCA+;15/05/2045;28/03/2022;5,37;5,49;1159,11;1128,39;1128,39
Tesouro IPCA+ com Juros Semestrais;15/08/2030;28/03/2022;5,22;5,34;4101,28;4067,54;4067,54
Tesouro IPCA+ com Juros Semestrais;15/08/2040;28/03/2022;5,38;5,5;4177,31;4120,1;4120,1
Tesouro IPCA+ com Juros Semestrais;15/08/2050;28/03/2022;5,49;5,61;4184,64;4114,23;4114,23
Tesouro Selic;01/03/2027;28/03/2022;0,17;0,18;11399,02;11388,33;11388,33
Tesouro Prefixado com Juros Semestrais;01/01/2033;28/03/2022;11,74;11,86;923,86;917,05;917,05
Tesouro IPCA+ com Juros Semestrais;15/05/2045;28/03/2022;5,48;5,6;4221,6;4157,59;4157,59
Tesouro IGPM+ com Juros Semestrais;01/01/2031;28/03/2022;5,21;5,33;9335,39;9264,37;9264,37
Tesouro IPCA+ com Juros Semestrais;15/08/2026;28/03/2022;4,91;5,03;4059,66;4039,13;4039,13
Tesouro Selic;01/09/2024;28/03/2022;0,03;0,04;11486,77;11478,9;11478,9
Tesouro Prefixado com Juros Semestrais;01/01/2031;28/03/2022;11,69;11,81;937,33;931,12;931,12
Tesouro Prefixado com Juros Semestrais;01/01/2025;28/03/2022;11,45;11,57;991,43;988,42;988,42
Tesouro IPCA+ com Juros Semestrais;15/05/2035;28/03/2022;5,32;5,44;4203,42;4156,98;4156,98
Tesouro Selic;01/03/2025;28/03/2022;0,05;0,06;11479,13;11470,69;11470,69
Tesouro IPCA+;15/08/2024;28/03/2022;4,9;5,02;3456,06;3444,61;3444,61
Tesouro IPCA+ com Juros Semestrais;15/08/2032;28/03/2022;5,29;5,41;4114,63;4075,23;4075,23
Tesouro Prefixado;01/07/2024;20/07/2022;13,79;13,91;779,46;777,48;777,48
Tesouro Prefixado;01/01/2029;20/07/2022;13,59;13,71;441,02;437,81;437,81
Tesouro Prefixado;01/01/2026;20/07/2022;13,47;13,59;646,76;644,08;644,08
Tesouro Prefixado com Juros Semestrais;01/01/2027;20/07/2022;13,53;13,65;895,91;892,03;892,03
Tesouro IPCA+;15/05/2045;20/07/2022;6,26;6,38;1003,79;978,31;978,31
Tesouro IPCA+ com Juros Semestrais;15/08/2030;20/07/2022;6,28;6,4;4032,86;4004;4004
Tesouro IPCA+ com Juros Semestrais;15/08/2040;20/07/2022;6,29;6,41;3981,59;3932,79;3932,79
Tesouro IPCA+ com Juros Semestrais;15/08/2050;20/07/2022;6,31;6,43;3946,32;3887,31;3887,31
Tesouro Selic;01/03/2027;20/07/2022;0,17;0,18;11836,08;11824,74;11824,74
Tesouro Prefixado com Juros Semestrais;01/01/2033;20/07/2022;13,7;13,82;811,99;806,23;806,23
Tesouro IPCA+ com Juros Semestrais;15/05/2045;20/07/2022;6,31;6,43;3900,26;3845,85;3845,85
Tesouro IGPM+ com Juros Semestrais;01/01/2031;20/07/2022;6,31;6,43;8842,05;8779,62;8779,62
Tesouro IPCA+ com Juros Semestrais;15/08/2026;20/07/2022;6,43;6,55;4037,35;4020,92;4020,92
Tesouro Selic;01/09/2024;20/07/2022;0,08;0,09;11907,74;11899,32;11899,32
Tesouro Prefixado com Juros Semestrais;01/01/2031;20/07/2022;13,67;13,79;833,6;828,26;828,26
Tesouro Prefixado com Juros Semestrais;01/01/2025;20/07/2022;13,57;13,69;936,68;934,02;934,02
;;;;;;;
;;;;;;;
;;;;;;;
;;;;;;;
;;;;;;;
;;;;;;;
;;;;;;;
;;;;;;;
;;;;;;;
;;;;;;;
;;;;;;;
;;;;;;;
;;;;;;;
;;;;;;;
;;;;;;;
;;;;;;;
;;;;;;;
;;;;;;;
;;;;;;;
;;;;;;;
;;;;;;;
;;;;;;;
;;;;;;;
;;;;;;;
;;;;;;;
;;;;;;;
;;;;;;;
;;;;;;;
;;;;;;;
;;;;;;;
;;;;;;;
;;;;;;;
;;;;;;;
;;;;;;;
;;;;;;;
;;;;;;;
;;;;;;;
;;;;;;;
;;;;;;;
;;;;;;;
;;;;;;;
;;;;;;;
;;;;;;;
;;;;;;;
;;;;;;;
;;;;;;;
;;;;;;;
;;;;;;;
;;;;;;;
;;;;;;;
;;;;;;;
;;;;;;;
;;;;;;;
;;;;;;;
;;;;;;;
;;;;;;;
;;;;;;;
;;;;;;;
;;;;;;;
;;;;;;;
;;;;;;;
;;;;;;;
;;;;;;;
;;;;;;;
;;;;;;;
;;;;;;;
;;;;;;;
;;;;;;;
;;;;;;;
;;;;;;;
;;;;;;;
;;;;;;;
;;;;;;;
;;;;;;;
;;;;;;;
;;;;;;;
;;;;;;;
;;;;;;;
;;;;;;;
;;;;;;;
;;;;;;;
;;;;;;;
;;;;;;;
;;;;;;;
;;;;;;;
;;;;;;;
;;;;;;;
;;;;;;;
;;;;;;;
;;;;;;;
;;;;;;;
;;;;;;;
;;;;;;;
;;;;;;;
;;;;;;;
;;;;;;;
;;;;;;;
;;;;;;;
;;;;;;;
;;;;;;;
;;;;;;;
;;;;;;;
;;;;;;;
;;;;;;;
;;;;;;;
;;;;;;;
;;;;;;;
;;;;;;;
;;;;;;;
;;;;;;;
;;;;;;;
;;;;;;;
;;;;;;;
;;;;;;;
;;;;;;;
;;;;;;;
;;;;;;;
;;;;;;;
;;;;;;;
;;;;;;;
;;;;;;;
;;;;;;;
;;;;;;;
;;;;;;;
;;;;;;;
;;;;;;;
;;;;;;;
;;;;;;;
;;;;;;;
;;;;;;;
;;;;;;;
;;;;;;;
;;;;;;;
;;;;;;;
;;;;;;;
;;;;;;;
;;;;;;;
;;;;;;;
;;;;;;;
;;;;;;;
;;;;;;;
;;;;;;;
;;;;;;;
;;;;;;;
;;;;;;;
;;;;;;;
;;;;;;;
;;;;;;;
;;;;;;;
;;;;;;;
;;;;;;;
;;;;;;;
;;;;;;;
;;;;;;;
;;;;;;;
;;;;;;;
